userName,title,rating,date,version,isEdited,voteCount,review,developerResponse,country,title_clean,review_clean,title_normalized,review_normalized,text_clean,text_normalized,text_length,word_count,has_title,has_review,username_clean,title_clean_language,title_clean_language_confidence,title_clean_translated,review_clean_language,review_clean_language_confidence,review_clean_translated
Akshay2021,Facebook feedback,1,2025-08-17 15:25:45+00:00,526.0.0,False,0,"Instead of showing my friendsâ€™ posts and adventures which is why everyone joined in the first place, facebook shows mindless suggestions and ads which have zero relevance and thatâ€™s why everyone has left Facebook. Itâ€™s a matter of time before everyone will leave.",,us,Facebook feedback,"Instead of showing my friendsâ€™ posts and adventures which is why everyone joined in the first place, facebook shows mindless suggestions and ads which have zero relevance and thatâ€™s why everyone has left Facebook. Itâ€™s a matter of time before everyone will leave.",facebook feedback,"instead of showing my friends posts and adventures which is why everyone joined in the first place, facebook shows mindless suggestions and ads which have zero relevance and that s why everyone has left facebook. it s a matter of time before everyone will leave.","Facebook feedback Instead of showing my friendsâ€™ posts and adventures which is why everyone joined in the first place, facebook shows mindless suggestions and ads which have zero relevance and thatâ€™s why everyone has left Facebook. Itâ€™s a matter of time before everyone will leave.","facebook feedback instead of showing my friends posts and adventures which is why everyone joined in the first place, facebook shows mindless suggestions and ads which have zero relevance and that s why everyone has left facebook. it s a matter of time before everyone will leave.",281,45,True,True,Akshay2021,en,0.8500000000000001,Facebook feedback,en,1.0,"Instead of showing my friendsâ€™ posts and adventures which is why everyone joined in the first place, facebook shows mindless suggestions and ads which have zero relevance and thatâ€™s why everyone has left Facebook. Itâ€™s a matter of time before everyone will leave."
Droner boner,Staying in Touch!,5,2025-08-17 15:14:19+00:00,526.0.0,False,0,Great place to check in with the comm!,,us,Staying in Touch!,Great place to check in with the comm!,staying in touch!,great place to check in with the comm!,Staying in Touch! Great place to check in with the comm!,staying in touch! great place to check in with the comm!,56,11,True,True,Droner boner,en,0.8500000000000001,Staying in Touch!,en,1.0,Great place to check in with the comm!
followers323457,ADS,5,2025-08-17 15:10:37+00:00,526.0.0,False,0,To many ads and random accounts that I didnâ€™t accept,,us,ADS,To many ads and random accounts that I didnâ€™t accept,ads,to many ads and random accounts that i didn t accept,ADS To many ads and random accounts that I didnâ€™t accept,ads to many ads and random accounts that i didn t accept,56,11,True,True,followers323457,unknown,0.0,ADS,en,1.0,To many ads and random accounts that I didnâ€™t accept
Batmanryguy,Restrict speech,1,2025-08-17 15:07:19+00:00,526.0.0,False,0,"My friends get their posts deleted for nothing political, its bikini pics!",,us,Restrict speech,"My friends get their posts deleted for nothing political, its bikini pics!",restrict speech,"my friends get their posts deleted for nothing political, its bikini pics!","Restrict speech My friends get their posts deleted for nothing political, its bikini pics!","restrict speech my friends get their posts deleted for nothing political, its bikini pics!",90,14,True,True,Batmanryguy,nl,0.8,Beperk spraak,en,1.0,"My friends get their posts deleted for nothing political, its bikini pics!"
Masha Tei,Friends posts,3,2025-08-17 15:05:55+00:00,526.0.0,False,0,Would like to see less commercial ads and more friends updates,,us,Friends posts,Would like to see less commercial ads and more friends updates,friends posts,would like to see less commercial ads and more friends updates,Friends posts Would like to see less commercial ads and more friends updates,friends posts would like to see less commercial ads and more friends updates,76,13,True,True,Masha Tei,nl,0.8,Vriendenberichten,en,1.0,Would like to see less commercial ads and more friends updates
Danutajazz,Best Solar,5,2025-08-17 14:56:45+00:00,526.0.0,False,0,"I save so much money since I switched to solar.
James is great and he explains  just how the billing works.
He answered all my questions and I was able to make a smart decision to switch to solar based on his knowledge and expertise.
I highly recommend Power Upgrade Solar.",,us,Best Solar,I save so much money since I switched to solar. James is great and he explains just how the billing works. He answered all my questions and I was able to make a smart decision to switch to solar based on his knowledge and expertise. I highly recommend Power Upgrade Solar.,best solar,i save so much money since i switched to solar. james is great and he explains just how the billing works. he answered all my questions and i was able to make a smart decision to switch to solar based on his knowledge and expertise. i highly recommend power upgrade solar.,Best Solar I save so much money since I switched to solar. James is great and he explains just how the billing works. He answered all my questions and I was able to make a smart decision to switch to solar based on his knowledge and expertise. I highly recommend Power Upgrade Solar.,best solar i save so much money since i switched to solar. james is great and he explains just how the billing works. he answered all my questions and i was able to make a smart decision to switch to solar based on his knowledge and expertise. i highly recommend power upgrade solar.,283,53,True,True,Danutajazz,de,0.8500000000000001,Best Solar,en,1.0,I save so much money since I switched to solar. James is great and he explains just how the billing works. He answered all my questions and I was able to make a smart decision to switch to solar based on his knowledge and expertise. I highly recommend Power Upgrade Solar.
Sunshinegayle,ğŸ˜³,4,2025-08-17 14:44:43+00:00,526.0.0,False,0,"I would like to see BAD language added for a reason to delete a post! Tooooooo many ads! Alsoâ€¦ businesses selling on Facebook need to be vetted to make sure they are legit.  Also a lot of 
Nude picture I didnâ€™t ask for.  Not clicking on them to remove them.",,us,ğŸ˜³,I would like to see BAD language added for a reason to delete a post! Tooooooo many ads! Also. . . businesses selling on Facebook need to be vetted to make sure they are legit. Also a lot of Nude picture I didnâ€™t ask for. Not clicking on them to remove them.,,i would like to see bad language added for a reason to delete a post! tooooooo many ads! also. . . businesses selling on facebook need to be vetted to make sure they are legit. also a lot of nude picture i didn t ask for. not clicking on them to remove them.,ğŸ˜³ I would like to see BAD language added for a reason to delete a post! Tooooooo many ads! Also. . . businesses selling on Facebook need to be vetted to make sure they are legit. Also a lot of Nude picture I didnâ€™t ask for. Not clicking on them to remove them.,i would like to see bad language added for a reason to delete a post! tooooooo many ads! also. . . businesses selling on facebook need to be vetted to make sure they are legit. also a lot of nude picture i didn t ask for. not clicking on them to remove them.,260,53,True,True,Sunshinegayle,unknown,0.0,ğŸ˜³,en,1.0,I would like to see BAD language added for a reason to delete a post! Tooooooo many ads! Also. . . businesses selling on Facebook need to be vetted to make sure they are legit. Also a lot of Nude picture I didnâ€™t ask for. Not clicking on them to remove them.
Poderosa bendiciones,Poderosa,5,2025-08-17 14:23:13+00:00,526.0.0,False,0,Me gusta Facebook es completo gracias por todo bendiciones,,us,Poderosa,Me gusta Facebook es completo gracias por todo bendiciones,poderosa,me gusta facebook es completo gracias por todo bendiciones,Poderosa Me gusta Facebook es completo gracias por todo bendiciones,poderosa me gusta facebook es completo gracias por todo bendiciones,67,10,True,True,Poderosa bendiciones,pt,0.8500000000000001,Powerful,es,1.0,"I like Facebook, it's comprehensive. Thank you for everything, blessings."
FOXXXXX0X,Ø§Ù„Ø¹Ø±Ø§Ù‚,1,2025-08-17 14:13:55+00:00,526.0.0,False,0,Ø§Ù„ØªØ­Ø¯ÙŠØ« Ø§Ù„Ø£Ø®ÙŠØ± Ø³ÙŠØ¦ Ø¬Ø¯Ø§ Ø´ÙƒÙ„ Ø§Ù„ØªØ¹Ù„ÙŠÙ‚Ø§Øª Ø³ÙŠØ¦ Ø§ØªÙ…Ù†Ù‰ Ø§Ù† ÙŠØ¹ÙˆØ¯ Ø§Ù„Ø´ÙƒÙ„ Ø§Ù„Ù‚Ø¯ÙŠÙ… Ù‚Ø¨Ù„ Ø­Ø°Ù Ø§Ù„ØªØ·Ø¨ÙŠÙ‚,,us,Ø§Ù„Ø¹Ø±Ø§Ù‚,Ø§Ù„ØªØ­Ø¯ÙŠØ« Ø§Ù„Ø£Ø®ÙŠØ± Ø³ÙŠØ¦ Ø¬Ø¯Ø§ Ø´ÙƒÙ„ Ø§Ù„ØªØ¹Ù„ÙŠÙ‚Ø§Øª Ø³ÙŠØ¦ Ø§ØªÙ…Ù†Ù‰ Ø§Ù† ÙŠØ¹ÙˆØ¯ Ø§Ù„Ø´ÙƒÙ„ Ø§Ù„Ù‚Ø¯ÙŠÙ… Ù‚Ø¨Ù„ Ø­Ø°Ù Ø§Ù„ØªØ·Ø¨ÙŠÙ‚,Ø§Ù„Ø¹Ø±Ø§Ù‚,Ø§Ù„ØªØ­Ø¯ÙŠØ« Ø§Ù„Ø£Ø®ÙŠØ± Ø³ÙŠØ¦ Ø¬Ø¯Ø§ Ø´ÙƒÙ„ Ø§Ù„ØªØ¹Ù„ÙŠÙ‚Ø§Øª Ø³ÙŠØ¦ Ø§ØªÙ…Ù†Ù‰ Ø§Ù† ÙŠØ¹ÙˆØ¯ Ø§Ù„Ø´ÙƒÙ„ Ø§Ù„Ù‚Ø¯ÙŠÙ… Ù‚Ø¨Ù„ Ø­Ø°Ù Ø§Ù„ØªØ·Ø¨ÙŠÙ‚,Ø§Ù„Ø¹Ø±Ø§Ù‚ Ø§Ù„ØªØ­Ø¯ÙŠØ« Ø§Ù„Ø£Ø®ÙŠØ± Ø³ÙŠØ¦ Ø¬Ø¯Ø§ Ø´ÙƒÙ„ Ø§Ù„ØªØ¹Ù„ÙŠÙ‚Ø§Øª Ø³ÙŠØ¦ Ø§ØªÙ…Ù†Ù‰ Ø§Ù† ÙŠØ¹ÙˆØ¯ Ø§Ù„Ø´ÙƒÙ„ Ø§Ù„Ù‚Ø¯ÙŠÙ… Ù‚Ø¨Ù„ Ø­Ø°Ù Ø§Ù„ØªØ·Ø¨ÙŠÙ‚,Ø§Ù„Ø¹Ø±Ø§Ù‚ Ø§Ù„ØªØ­Ø¯ÙŠØ« Ø§Ù„Ø£Ø®ÙŠØ± Ø³ÙŠØ¦ Ø¬Ø¯Ø§ Ø´ÙƒÙ„ Ø§Ù„ØªØ¹Ù„ÙŠÙ‚Ø§Øª Ø³ÙŠØ¦ Ø§ØªÙ…Ù†Ù‰ Ø§Ù† ÙŠØ¹ÙˆØ¯ Ø§Ù„Ø´ÙƒÙ„ Ø§Ù„Ù‚Ø¯ÙŠÙ… Ù‚Ø¨Ù„ Ø­Ø°Ù Ø§Ù„ØªØ·Ø¨ÙŠÙ‚,90,16,True,True,FOXXXXX0X,ar,0.8,Iraq,ar,0.95,"The latest update is very bad, the comments section looks terrible. I hope the old format comes back before deleting the app."
Ø§Ø¨Ùˆ Ø²ÙŠØ±Ùƒ,ÙƒØ±Ø¯Ø³ØªØ§Ù† Ø§Ù„Ø¹Ø±Ø§Ù‚,5,2025-08-17 14:05:42+00:00,526.0.0,False,0,Ø¬ÙŠØ¯ Ø¬Ø¯Ø§,,us,ÙƒØ±Ø¯Ø³ØªØ§Ù† Ø§Ù„Ø¹Ø±Ø§Ù‚,Ø¬ÙŠØ¯ Ø¬Ø¯Ø§,ÙƒØ±Ø¯Ø³ØªØ§Ù† Ø§Ù„Ø¹Ø±Ø§Ù‚,Ø¬ÙŠØ¯ Ø¬Ø¯Ø§,ÙƒØ±Ø¯Ø³ØªØ§Ù† Ø§Ù„Ø¹Ø±Ø§Ù‚ Ø¬ÙŠØ¯ Ø¬Ø¯Ø§,ÙƒØ±Ø¯Ø³ØªØ§Ù† Ø§Ù„Ø¹Ø±Ø§Ù‚ Ø¬ÙŠØ¯ Ø¬Ø¯Ø§,22,4,True,True,Ø§Ø¨Ùˆ Ø²ÙŠØ±Ùƒ,ar,0.8,Iraqi Kurdistan,ur,0.8,Very good
AE12789,â˜‘ï¸,5,2025-08-17 13:57:31+00:00,526.0.0,False,0,âœ…,,us,â˜‘ï¸,âœ…,,,â˜‘ï¸ âœ…,,4,2,True,True,AE12789,unknown,0.0,â˜‘ï¸,unknown,0.0,âœ…
tripunia,Newest update makes comments look ugly,1,2025-08-17 13:17:29+00:00,526.0.0,False,0,"I donâ€™t know why meta is trying to make the comments look like TikTok, but stop. Itâ€™s ugly. Would give zero stars. Give me my comment bubbles back and put the like and reply buttons back where they were. Ugliest update in a while.",,us,Newest update makes comments look ugly,"I donâ€™t know why meta is trying to make the comments look like TikTok, but stop. Itâ€™s ugly. Would give zero stars. Give me my comment bubbles back and put the like and reply buttons back where they were. Ugliest update in a while.",newest software update makes comments look ugly,"i don t know why meta is trying to make the comments look like tiktok, but stop. it s ugly. would give zero stars. give me my comment bubbles back and put the like and reply buttons back where they were. ugliest software update in a while.","Newest update makes comments look ugly I donâ€™t know why meta is trying to make the comments look like TikTok, but stop. Itâ€™s ugly. Would give zero stars. Give me my comment bubbles back and put the like and reply buttons back where they were. Ugliest update in a while.","newest software update makes comments look ugly i don t know why meta is trying to make the comments look like tiktok, but stop. it s ugly. would give zero stars. give me my comment bubbles back and put the like and reply buttons back where they were. ugliest software update in a while.",269,50,True,True,tripunia,en,1.0,Newest update makes comments look ugly,en,1.0,"I donâ€™t know why meta is trying to make the comments look like TikTok, but stop. Itâ€™s ugly. Would give zero stars. Give me my comment bubbles back and put the like and reply buttons back where they were. Ugliest update in a while."
"Feland, Trigg",1 star,1,2025-08-17 13:16:29+00:00,526.0.0,False,0,I havenâ€™t even been on the actual app I signed up for everything and it says you have submitted a appeal like I havenâ€™t even been able to do anything Iâ€™m just trying to get to Facebook marketplace so can you please help fix this for me,,us,1 star,I havenâ€™t even been on the actual app I signed up for everything and it says you have submitted a appeal like I havenâ€™t even been able to do anything Iâ€™m just trying to get to Facebook marketplace so can you please help fix this for me,1 star,i haven t even been on the actual application i signed up for everything and it says you have submitted a appeal like i haven t even been able to do anything i m just trying to get to facebook marketplace so can you please help repair this for me,1 star I havenâ€™t even been on the actual app I signed up for everything and it says you have submitted a appeal like I havenâ€™t even been able to do anything Iâ€™m just trying to get to Facebook marketplace so can you please help fix this for me,1 star i haven t even been on the actual application i signed up for everything and it says you have submitted a appeal like i haven t even been able to do anything i m just trying to get to facebook marketplace so can you please help repair this for me,242,49,True,True,"Feland, Trigg",sv,0.8,1 stjÃ¤rna,en,1.0,I havenâ€™t even been on the actual app I signed up for everything and it says you have submitted a appeal like I havenâ€™t even been able to do anything Iâ€™m just trying to get to Facebook marketplace so can you please help fix this for me
D suson,Family,5,2025-08-17 13:15:12+00:00,526.0.0,False,0,"This Facebook has enabled many families to share and relocate their children,friends,family, business 
and other entities.",,us,Family,"This Facebook has enabled many families to share and relocate their children, friends, family, business and other entities.",family,"this facebook has enabled many families to share and relocate their children, friends, family, business and other entities.","Family This Facebook has enabled many families to share and relocate their children, friends, family, business and other entities.","family this facebook has enabled many families to share and relocate their children, friends, family, business and other entities.",130,19,True,True,D suson,en,0.8500000000000001,Family,en,1.0,"This Facebook has enabled many families to share and relocate their children, friends, family, business and other entities."
Near accurate joint venture,Wonderful FFFFâ€™s,5,2025-08-17 13:13:21+00:00,526.0.0,False,0,"One itâ€™s so blurish, second it doesnâ€™t ring up, and third LLL UP IN BIG RED PRINT hour for yachting or sailing",,us,Wonderful FFFFâ€™s,"One itâ€™s so blurish, second it doesnâ€™t ring up, and third LLL UP IN BIG RED PRINT hour for yachting or sailing",wonderful ffff s,"one it s so blurish, second it doesn t ring up, and third lll up in big red print hour for yachting or sailing","Wonderful FFFFâ€™s One itâ€™s so blurish, second it doesnâ€™t ring up, and third LLL UP IN BIG RED PRINT hour for yachting or sailing","wonderful ffff s one it s so blurish, second it doesn t ring up, and third lll up in big red print hour for yachting or sailing",127,24,True,True,Near accurate joint venture,de,0.8500000000000001,Wunderbare FFFFâ€™s,en,1.0,"One itâ€™s so blurish, second it doesnâ€™t ring up, and third LLL UP IN BIG RED PRINT hour for yachting or sailing"
RobertofPisa,Feed,2,2025-08-17 13:04:38+00:00,526.0.0,False,0,"My feed has turned from friends posts and occasional posts from what Iâ€™m following, but now itâ€™s turned into a commercial free for all with too many posts that I donâ€™t want to see, and far too many AI content postings.",,us,Feed,"My feed has turned from friends posts and occasional posts from what Iâ€™m following, but now itâ€™s turned into a commercial free for all with too many posts that I donâ€™t want to see, and far too many AI content postings.",feed,"my feed has turned from friends posts and occasional posts from what i m following, but now it s turned into a commercial free for all with too many posts that i don t want to see, and far too many ai content postings.","Feed My feed has turned from friends posts and occasional posts from what Iâ€™m following, but now itâ€™s turned into a commercial free for all with too many posts that I donâ€™t want to see, and far too many AI content postings.","feed my feed has turned from friends posts and occasional posts from what i m following, but now it s turned into a commercial free for all with too many posts that i don t want to see, and far too many ai content postings.",223,42,True,True,RobertofPisa,unknown,0.0,Feed,en,1.0,"My feed has turned from friends posts and occasional posts from what Iâ€™m following, but now itâ€™s turned into a commercial free for all with too many posts that I donâ€™t want to see, and far too many AI content postings."
gor.nik,"Hello, Iâ€™m having an issue with Facebook Marketplace",1,2025-08-17 13:03:51+00:00,526.0.0,False,0,"Hello, Iâ€™m having an issue with Facebook Marketplace. Iâ€™m trying to post a listing, but it doesnâ€™t work. It always shows an error message saying something went wrong. Iâ€™ve already tried many different ways: logging out and back in, using my computer, saving as a draft first and then publishing â€” but nothing helps. The listing simply doesnâ€™t get published anywhere. Could you please help me? Why is this happening and what should I do to fix it?",,us,"Hello, Iâ€™m having an issue with Facebook Marketplace","Hello, Iâ€™m having an issue with Facebook Marketplace. Iâ€™m trying to post a listing, but it doesnâ€™t work. It always shows an error message saying something went wrong. Iâ€™ve already tried many different ways: logging out and back in, using my computer, saving as a draft first and then publishing â€” but nothing helps. The listing simply doesnâ€™t get published anywhere. Could you please help me? Why is this happening and what should I do to fix it?","hello, i m having an issue with facebook marketplace","hello, i m having an issue with facebook marketplace. i m trying to post a listing, but it doesn t work. it always shows an error message saying something went wrong. i ve already tried many different ways logging out and back in, using my computer, saving as a draft first and then publishing but nothing helps. the listing simply doesn t get published anywhere. could you please help me? why is this happening and what should i do to repair it?","Hello, Iâ€™m having an issue with Facebook Marketplace Hello, Iâ€™m having an issue with Facebook Marketplace. Iâ€™m trying to post a listing, but it doesnâ€™t work. It always shows an error message saying something went wrong. Iâ€™ve already tried many different ways: logging out and back in, using my computer, saving as a draft first and then publishing â€” but nothing helps. The listing simply doesnâ€™t get published anywhere. Could you please help me? Why is this happening and what should I do to fix it?","hello, i m having an issue with facebook marketplace hello, i m having an issue with facebook marketplace. i m trying to post a listing, but it doesn t work. it always shows an error message saying something went wrong. i ve already tried many different ways logging out and back in, using my computer, saving as a draft first and then publishing but nothing helps. the listing simply doesn t get published anywhere. could you please help me? why is this happening and what should i do to repair it?",499,86,True,True,gor. nik,en,1.0,"Hello, Iâ€™m having an issue with Facebook Marketplace",en,1.0,"Hello, Iâ€™m having an issue with Facebook Marketplace. Iâ€™m trying to post a listing, but it doesnâ€™t work. It always shows an error message saying something went wrong. Iâ€™ve already tried many different ways: logging out and back in, using my computer, saving as a draft first and then publishing â€” but nothing helps. The listing simply doesnâ€™t get published anywhere. Could you please help me? Why is this happening and what should I do to fix it?"
Foxxy ice,A fantastic evening,5,2025-08-17 12:43:58+00:00,526.0.0,False,0,In life you must do things to bring happiness.,,us,A fantastic evening,In life you must do things to bring happiness.,a fantastic evening,in life you must do things to bring happiness.,A fantastic evening In life you must do things to bring happiness.,a fantastic evening in life you must do things to bring happiness.,66,12,True,True,Foxxy ice,en,0.8500000000000001,A fantastic evening,en,1.0,In life you must do things to bring happiness.
NotTakenUsername123454321,Marketplace needs help,1,2025-08-17 12:39:20+00:00,526.0.0,False,0,TURN OFF 1 CLICK FOR IS THIS AVAILABLE,,us,Marketplace needs help,TURN OFF 1 CLICK FOR IS THIS AVAILABLE,marketplace needs help,turn off 1 click for is this available,Marketplace needs help TURN OFF 1 CLICK FOR IS THIS AVAILABLE,marketplace needs help turn off 1 click for is this available,61,11,True,True,NotTakenUsername123454321,nl,0.95,Marktplaats heeft hulp nodig,en,1.0,TURN OFF 1 CLICK FOR IS THIS AVAILABLE
Wizzardekiti,Response they are great,5,2025-08-17 12:39:06+00:00,526.0.0,False,0,Th,,us,Response they are great,Th,response they are great,th,Response they are great Th,response they are great th,26,5,True,True,Wizzardekiti,en,1.0,Response they are great,unknown,0.0,Th
mony-jimmy,Grandiosa,5,2025-08-17 12:11:15+00:00,526.0.0,False,0,Tener tantas opciones para subir tus videos y de ser tÃº mismo es importante.,,us,Grandiosa,Tener tantas opciones para subir tus videos y de ser tÃº mismo es importante.,grandiosa,tener tantas opciones para subir tus videos y de ser tÃº mismo es importante.,Grandiosa Tener tantas opciones para subir tus videos y de ser tÃº mismo es importante.,grandiosa tener tantas opciones para subir tus videos y de ser tÃº mismo es importante.,86,15,True,True,mony-jimmy,es,0.8500000000000001,Great,es,1.0,Having so many options to upload your videos and to be yourself is important.
corre3672,The end of freedom for Americans,1,2025-08-17 11:53:57+00:00,526.0.0,False,0,"Facebook has become a monster destroying  lives. Facebook published liberal and woke lies but tries to control the opinions of conservatives.

This media attempt needs to be destroyed. Any liberal democrat should be banned from spewing lies 
Trump or a maga supporting individual is scrutinized for every thing they say and do. Freedom of speech was not meant to for the ugly lies coming from their months. To see Facebook being allowed to spew hate is a travesty.

Facebook is an American terrorist.",,us,The end of freedom for Americans,Facebook has become a monster destroying lives. Facebook published liberal and woke lies but tries to control the opinions of conservatives. This media attempt needs to be destroyed. Any liberal democrat should be banned from spewing lies Trump or a maga supporting individual is scrutinized for every thing they say and do. Freedom of speech was not meant to for the ugly lies coming from their months. To see Facebook being allowed to spew hate is a travesty. Facebook is an American terrorist.,the end of freedom for americans,facebook has become a monster destroying lives. facebook published liberal and woke lies but tries to control the opinions of conservatives. this media attempt needs to be destroyed. any liberal democrat should be banned from spewing lies trump or a maga supporting individual is scrutinized for every thing they say and do. freedom of speech was not meant to for the ugly lies coming from their months. to see facebook being allowed to spew hate is a travesty. facebook is an american terrorist.,The end of freedom for Americans Facebook has become a monster destroying lives. Facebook published liberal and woke lies but tries to control the opinions of conservatives. This media attempt needs to be destroyed. Any liberal democrat should be banned from spewing lies Trump or a maga supporting individual is scrutinized for every thing they say and do. Freedom of speech was not meant to for the ugly lies coming from their months. To see Facebook being allowed to spew hate is a travesty. Facebook is an American terrorist.,the end of freedom for americans facebook has become a monster destroying lives. facebook published liberal and woke lies but tries to control the opinions of conservatives. this media attempt needs to be destroyed. any liberal democrat should be banned from spewing lies trump or a maga supporting individual is scrutinized for every thing they say and do. freedom of speech was not meant to for the ugly lies coming from their months. to see facebook being allowed to spew hate is a travesty. facebook is an american terrorist.,529,89,True,True,corre3672,en,1.0,The end of freedom for Americans,en,1.0,Facebook has become a monster destroying lives. Facebook published liberal and woke lies but tries to control the opinions of conservatives. This media attempt needs to be destroyed. Any liberal democrat should be banned from spewing lies Trump or a maga supporting individual is scrutinized for every thing they say and do. Freedom of speech was not meant to for the ugly lies coming from their months. To see Facebook being allowed to spew hate is a travesty. Facebook is an American terrorist.
ALAM MD NAZMUL,Best,5,2025-08-17 11:48:17+00:00,526.0.0,False,0,The only and best social platform in the world,,us,Best,The only and best social platform in the world,best,the only and best social platform in the world,Best The only and best social platform in the world,best the only and best social platform in the world,51,10,True,True,ALAM MD NAZMUL,unknown,0.0,Best,en,1.0,The only and best social platform in the world
L-J-L-J,iPad version is glitchy,3,2025-08-17 11:44:38+00:00,526.0.0,False,0,"The iPad version has had problems for a while now. Like, when you type into the search box, you cannot see what you are typing as you type. This does not happen with the iPhone version. 

Now Iâ€™m having problems with notifications. I will get badges telling me how many notifications I have, but when I try to find them, either they donâ€™t load or just one loads. Again, the iPhone version shows the very notifications that wonâ€™t show up on the iPad. The problem with notifications only started on 8/14/2025.",,us,iPad version is glitchy,"The iPad version has had problems for a while now. Like, when you type into the search box, you cannot see what you are typing as you type. This does not happen with the iPhone version. Now Iâ€™m having problems with notifications. I will get badges telling me how many notifications I have, but when I try to find them, either they donâ€™t load or just one loads. Again, the iPhone version shows the very notifications that wonâ€™t show up on the iPad. The problem with notifications only started on 8/14/2025.",ipad version is glitchy,"the ipad version has had problems for a while now. like, when you type into the search box, you cannot see what you are typing as you type. this does not happen with the iphone version. now i m having problems with notifications. i will get badges telling me how many notifications i have, but when i try to find them, either they don t load or just one loads. again, the iphone version shows the very notifications that won t show up on the ipad. the problem with notifications only started on 8 14 2025.","iPad version is glitchy The iPad version has had problems for a while now. Like, when you type into the search box, you cannot see what you are typing as you type. This does not happen with the iPhone version. Now Iâ€™m having problems with notifications. I will get badges telling me how many notifications I have, but when I try to find them, either they donâ€™t load or just one loads. Again, the iPhone version shows the very notifications that wonâ€™t show up on the iPad. The problem with notifications only started on 8/14/2025.","ipad version is glitchy the ipad version has had problems for a while now. like, when you type into the search box, you cannot see what you are typing as you type. this does not happen with the iphone version. now i m having problems with notifications. i will get badges telling me how many notifications i have, but when i try to find them, either they don t load or just one loads. again, the iphone version shows the very notifications that won t show up on the ipad. the problem with notifications only started on 8 14 2025.",529,95,True,True,L-J-L-J,en,1.0,iPad version is glitchy,en,1.0,"The iPad version has had problems for a while now. Like, when you type into the search box, you cannot see what you are typing as you type. This does not happen with the iPhone version. Now Iâ€™m having problems with notifications. I will get badges telling me how many notifications I have, but when I try to find them, either they donâ€™t load or just one loads. Again, the iPhone version shows the very notifications that wonâ€™t show up on the iPad. The problem with notifications only started on 8/14/2025."
El Lobo SÃ³lido,No sense,1,2025-08-17 11:30:54+00:00,526.0.0,False,0,"I had Facebook with only my daughter and my 4 grandkids from the Philippines and my number was hacked, now to reinstate it they want me to send a video of my face, if they hacked my number can you imagine what they could do with the video of my face? 
How stupid can Facebook get, I will just find a new way to be in contact with my family",,us,No sense,"I had Facebook with only my daughter and my 4 grandkids from the Philippines and my number was hacked, now to reinstate it they want me to send a video of my face, if they hacked my number can you imagine what they could do with the video of my face? How stupid can Facebook get, I will just find a new way to be in contact with my family",no sense,"i had facebook with only my daughter and my 4 grandkids from the philippines and my number was hacked, now to reinstate it they want me to send a video of my face, if they hacked my number can you imagine what they could do with the video of my face? how stupid can facebook get, i will just find a new way to be in contact with my family","No sense I had Facebook with only my daughter and my 4 grandkids from the Philippines and my number was hacked, now to reinstate it they want me to send a video of my face, if they hacked my number can you imagine what they could do with the video of my face? How stupid can Facebook get, I will just find a new way to be in contact with my family","no sense i had facebook with only my daughter and my 4 grandkids from the philippines and my number was hacked, now to reinstate it they want me to send a video of my face, if they hacked my number can you imagine what they could do with the video of my face? how stupid can facebook get, i will just find a new way to be in contact with my family",347,72,True,True,El Lobo SÃ³lido,no,0.8,No sense,en,1.0,"I had Facebook with only my daughter and my 4 grandkids from the Philippines and my number was hacked, now to reinstate it they want me to send a video of my face, if they hacked my number can you imagine what they could do with the video of my face? How stupid can Facebook get, I will just find a new way to be in contact with my family"
1000slimes,I love facebook,5,2025-08-17 11:29:27+00:00,526.0.0,False,0,Gracias facebook,,us,I love facebook,Gracias facebook,i love facebook,gracias facebook,I love facebook Gracias facebook,i love facebook gracias facebook,32,5,True,True,1000slimes,sk,0.8,Milujem facebook.,en,0.8500000000000001,Gracias facebook
Ho2ter,Languages,2,2025-08-17 11:24:46+00:00,526.0.0,False,0,You need a language selection for the videos. Swiping through I been having to block the person cuz I do not know that language.,,us,Languages,You need a language selection for the videos. Swiping through I been having to block the person cuz I do not know that language.,languages,you need a language selection for the videos. swiping through i been having to block the person cuz i do not know that language.,Languages You need a language selection for the videos. Swiping through I been having to block the person cuz I do not know that language.,languages you need a language selection for the videos. swiping through i been having to block the person cuz i do not know that language.,138,25,True,True,Ho2ter,tl,0.8,Wika,en,1.0,You need a language selection for the videos. Swiping through I been having to block the person cuz I do not know that language.
Sarah Nussle basketball,Facebook,5,2025-08-17 11:13:31+00:00,526.0.0,False,0,Fece book,,us,Facebook,Fece book,facebook,fece book,Facebook Fece book,facebook fece book,18,3,True,True,Sarah Nussle basketball,sk,0.8,Facebook,en,0.8500000000000001,Fece book
TriMist,Great little app,5,2025-08-17 11:10:38+00:00,526.0.0,False,0,"I absolutely love this app as it allows me to keep in contact with friends and family both and also find new friends and mingle with some celebrities. What I donâ€™t like about this app are the perverts who thinks this app is a dating site and will hit on any woman even if theyâ€™re in a relationship or are married. Oh and the scammers are a nightmare to boot. Iâ€™ve noticed that a lot of new changes have been made to the style of Facebook and the way we comment. The new style will take some time getting used too, but overall it isnâ€™t bad. Thanks for building this app. Just limit scammers please.",,us,Great little app,"I absolutely love this app as it allows me to keep in contact with friends and family both and also find new friends and mingle with some celebrities. What I donâ€™t like about this app are the perverts who thinks this app is a dating site and will hit on any woman even if theyâ€™re in a relationship or are married. Oh and the scammers are a nightmare to boot. Iâ€™ve noticed that a lot of new changes have been made to the style of Facebook and the way we comment. The new style will take some time getting used too, but overall it isnâ€™t bad. Thanks for building this app. Just limit scammers please.",great little application,"i absolutely love this application as it allows me to keep in contact with friends and family both and also find new friends and mingle with some celebrities. what i don t like about this application are the perverts who thinks this application is a dating site and will hit on any woman even if they re in a relationship or are married. oh and the scammers are a nightmare to boot. i ve noticed that a lot of new changes have been made to the style of facebook and the way we comment. the new style will take some time getting used too, but overall it isn t bad. thanks for building this application just limit scammers please.","Great little app I absolutely love this app as it allows me to keep in contact with friends and family both and also find new friends and mingle with some celebrities. What I donâ€™t like about this app are the perverts who thinks this app is a dating site and will hit on any woman even if theyâ€™re in a relationship or are married. Oh and the scammers are a nightmare to boot. Iâ€™ve noticed that a lot of new changes have been made to the style of Facebook and the way we comment. The new style will take some time getting used too, but overall it isnâ€™t bad. Thanks for building this app. Just limit scammers please.","great little application i absolutely love this application as it allows me to keep in contact with friends and family both and also find new friends and mingle with some celebrities. what i don t like about this application are the perverts who thinks this application is a dating site and will hit on any woman even if they re in a relationship or are married. oh and the scammers are a nightmare to boot. i ve noticed that a lot of new changes have been made to the style of facebook and the way we comment. the new style will take some time getting used too, but overall it isn t bad. thanks for building this application just limit scammers please.",614,118,True,True,TriMist,en,0.8500000000000001,Great little app,en,1.0,"I absolutely love this app as it allows me to keep in contact with friends and family both and also find new friends and mingle with some celebrities. What I donâ€™t like about this app are the perverts who thinks this app is a dating site and will hit on any woman even if theyâ€™re in a relationship or are married. Oh and the scammers are a nightmare to boot. Iâ€™ve noticed that a lot of new changes have been made to the style of Facebook and the way we comment. The new style will take some time getting used too, but overall it isnâ€™t bad. Thanks for building this app. Just limit scammers please."
Ginnybranham29,Annoying,3,2025-08-17 11:06:29+00:00,526.0.0,False,0,Tired of all the extra pages that show up when I didnâ€™t want for them!!,,us,Annoying,Tired of all the extra pages that show up when I didnâ€™t want for them! !,annoying,tired of all the extra pages that show up when i didn t want for them! !,Annoying Tired of all the extra pages that show up when I didnâ€™t want for them! !,annoying tired of all the extra pages that show up when i didn t want for them! !,81,17,True,True,Ginnybranham29,tl,0.8,Nakakainis,en,1.0,Tired of all the extra pages that show up when I didnâ€™t want for them! !
sir apeeska,Top,5,2025-08-17 11:05:58+00:00,526.0.0,False,0,Top,,us,Top,Top,top,top,Top Top,top top,7,2,True,True,sir apeeska,unknown,0.0,Top,unknown,0.0,Top
FRANCIS Leonel,Francis,5,2025-08-17 11:04:18+00:00,526.0.0,False,0,Me gusta ese tipo de videos,,us,Francis,Me gusta ese tipo de videos,francis,me gusta ese tipo de videos,Francis Me gusta ese tipo de videos,francis me gusta ese tipo de videos,35,7,True,True,FRANCIS Leonel,es,0.8500000000000001,Francis,es,1.0,I like that type of videos
Unhappy22737373,No support,1,2025-08-17 11:02:20+00:00,526.0.0,False,0,Facebook has absolutely No customer support. Someone hacked into my account and used my credit card to purchase ads. Luckily my Credit Card company helped get my money back. Facebook did nothing. Thereâ€™s no number to call and no chat feature. Apparently Iâ€™m not the only one dealing with this. This is a know issue and Facebook is quiet about it. Iâ€™m tech savvy and this still happened to me. I would stay far away from Facebook and Meta!,,us,No support,Facebook has absolutely No customer support. Someone hacked into my account and used my credit card to purchase ads. Luckily my Credit Card company helped get my money back. Facebook did nothing. Thereâ€™s no number to call and no chat feature. Apparently Iâ€™m not the only one dealing with this. This is a know issue and Facebook is quiet about it. Iâ€™m tech savvy and this still happened to me. I would stay far away from Facebook and Meta!,no support,facebook has absolutely no customer support. someone hacked into my account and used my credit card to purchase ads. luckily my credit card company helped get my money back. facebook did nothing. there s no number to call and no chat feature. apparently i m not the only one dealing with this. this is a know issue and facebook is quiet about it. i m tech savvy and this still happened to me. i would stay far away from facebook and meta!,No support Facebook has absolutely No customer support. Someone hacked into my account and used my credit card to purchase ads. Luckily my Credit Card company helped get my money back. Facebook did nothing. Thereâ€™s no number to call and no chat feature. Apparently Iâ€™m not the only one dealing with this. This is a know issue and Facebook is quiet about it. Iâ€™m tech savvy and this still happened to me. I would stay far away from Facebook and Meta!,no support facebook has absolutely no customer support. someone hacked into my account and used my credit card to purchase ads. luckily my credit card company helped get my money back. facebook did nothing. there s no number to call and no chat feature. apparently i m not the only one dealing with this. this is a know issue and facebook is quiet about it. i m tech savvy and this still happened to me. i would stay far away from facebook and meta!,449,81,True,True,Unhappy22737373,it,0.8500000000000001,Nessun supporto,en,1.0,Facebook has absolutely No customer support. Someone hacked into my account and used my credit card to purchase ads. Luckily my Credit Card company helped get my money back. Facebook did nothing. Thereâ€™s no number to call and no chat feature. Apparently Iâ€™m not the only one dealing with this. This is a know issue and Facebook is quiet about it. Iâ€™m tech savvy and this still happened to me. I would stay far away from Facebook and Meta!
jazzmundson,Donâ€™t really care about hackers as much as they sayâ€¦,1,2025-08-17 10:38:37+00:00,526.0.0,False,0,"I lost my account from a hacker, back in February of 2025, I tired desperately for mi the to get a hold of someone to help meâ€¦itâ€™s now August, and without any response EVER from Meta support, I found out by accident that my account was re-enabled. I lost not only my personal account; but both my business accounts, plus a connected IG account, costing me tons of money in lost business. I guess Iâ€™m glad to be back for now so I can communicate to past customers why I disappeared, but I know now Meta canâ€™t be trusted as a place for me to do business. Merely a placeholder now until I find another better solution reliable platform!",,us,Donâ€™t really care about hackers as much as they say. . .,"I lost my account from a hacker, back in February of 2025, I tired desperately for mi the to get a hold of someone to help me. . . itâ€™s now August, and without any response EVER from Meta support, I found out by accident that my account was re-enabled. I lost not only my personal account; but both my business accounts, plus a connected IG account, costing me tons of money in lost business. I guess Iâ€™m glad to be back for now so I can communicate to past customers why I disappeared, but I know now Meta canâ€™t be trusted as a place for me to do business. Merely a placeholder now until I find another better solution reliable platform!",don t really care about hackers as much as they say. . .,"i lost my account from a hacker, back in february of 2025, i tired desperately for mi the to get a hold of someone to help me. . . it s now august, and without any response ever from meta support, i found out by accident that my account was re-enabled. i lost not only my personal account but both my business accounts, plus a connected ig account, costing me tons of money in lost business. i guess i m glad to be back for now so i can communicate to past customers why i disappeared, but i know now meta can t be trusted as a place for me to do business. merely a placeholder now until i find another better solution reliable platform!","Donâ€™t really care about hackers as much as they say. . . I lost my account from a hacker, back in February of 2025, I tired desperately for mi the to get a hold of someone to help me. . . itâ€™s now August, and without any response EVER from Meta support, I found out by accident that my account was re-enabled. I lost not only my personal account; but both my business accounts, plus a connected IG account, costing me tons of money in lost business. I guess Iâ€™m glad to be back for now so I can communicate to past customers why I disappeared, but I know now Meta canâ€™t be trusted as a place for me to do business. Merely a placeholder now until I find another better solution reliable platform!","don t really care about hackers as much as they say. . . i lost my account from a hacker, back in february of 2025, i tired desperately for mi the to get a hold of someone to help me. . . it s now august, and without any response ever from meta support, i found out by accident that my account was re-enabled. i lost not only my personal account but both my business accounts, plus a connected ig account, costing me tons of money in lost business. i guess i m glad to be back for now so i can communicate to past customers why i disappeared, but i know now meta can t be trusted as a place for me to do business. merely a placeholder now until i find another better solution reliable platform!",695,134,True,True,jazzmundson,en,1.0,Donâ€™t really care about hackers as much as they say. . .,en,1.0,"I lost my account from a hacker, back in February of 2025, I tired desperately for mi the to get a hold of someone to help me. . . itâ€™s now August, and without any response EVER from Meta support, I found out by accident that my account was re-enabled. I lost not only my personal account; but both my business accounts, plus a connected IG account, costing me tons of money in lost business. I guess Iâ€™m glad to be back for now so I can communicate to past customers why I disappeared, but I know now Meta canâ€™t be trusted as a place for me to do business. Merely a placeholder now until I find another better solution reliable platform!"
Eddie Del,Me,5,2025-08-17 10:35:16+00:00,526.0.0,False,0,Pay me Facebook!,,us,Me,Pay me Facebook!,me,pay me facebook!,Me Pay me Facebook!,me pay me facebook!,19,4,True,True,Eddie Del,unknown,0.0,Me,en,0.8500000000000001,Pay me Facebook!
Mopedmatt,Too many ads,1,2025-08-17 10:31:44+00:00,526.0.0,False,0,I remember a time where Facebook ads only accounted for a very small amount of content. Mark Zuckerburg seems to have gotten really greedy and sold out making this app experience pretty bad from what it was 10years ago.,,us,Too many ads,I remember a time where Facebook ads only accounted for a very small amount of content. Mark Zuckerburg seems to have gotten really greedy and sold out making this app experience pretty bad from what it was 10years ago.,too many ads,i remember a time where facebook ads only accounted for a very small amount of content. mark zuckerburg seems to have gotten really greedy and sold out making this application experience pretty bad from what it was 10years ago.,Too many ads I remember a time where Facebook ads only accounted for a very small amount of content. Mark Zuckerburg seems to have gotten really greedy and sold out making this app experience pretty bad from what it was 10years ago.,too many ads i remember a time where facebook ads only accounted for a very small amount of content. mark zuckerburg seems to have gotten really greedy and sold out making this application experience pretty bad from what it was 10years ago.,232,42,True,True,Mopedmatt,so,0.8,Demasiados anuncios,en,1.0,I remember a time where Facebook ads only accounted for a very small amount of content. Mark Zuckerburg seems to have gotten really greedy and sold out making this app experience pretty bad from what it was 10years ago.
Maria xinvke,Un Ã©xito,5,2025-08-17 10:30:48+00:00,526.0.0,False,0,Grandioso,,us,Un Ã©xito,Grandioso,un Ã©xito,grandioso,Un Ã©xito Grandioso,un Ã©xito grandioso,18,3,True,True,Maria xinvke,fr,0.8500000000000001,A success,pt,0.8500000000000001,Grandiose
AmericanNNNN,Stop censoring people,1,2025-08-17 10:28:03+00:00,526.0.0,False,0,This is America and if I want to tell someone how I feel and you restrict my account you are violating my rights,,us,Stop censoring people,This is America and if I want to tell someone how I feel and you restrict my account you are violating my rights,stop censoring people,this is america and if i want to tell someone how i feel and you restrict my account you are violating my rights,Stop censoring people This is America and if I want to tell someone how I feel and you restrict my account you are violating my rights,stop censoring people this is america and if i want to tell someone how i feel and you restrict my account you are violating my rights,134,26,True,True,AmericanNNNN,en,1.0,Stop censoring people,en,1.0,This is America and if I want to tell someone how I feel and you restrict my account you are violating my rights
Chula C,Facebook,1,2025-08-17 10:13:51+00:00,526.0.0,False,0,Facebook is very nosy the employees read your inbox messages along with everything you post,,us,Facebook,Facebook is very nosy the employees read your inbox messages along with everything you post,facebook,facebook is very nosy the employees read your inbox messages along with everything you post,Facebook Facebook is very nosy the employees read your inbox messages along with everything you post,facebook facebook is very nosy the employees read your inbox messages along with everything you post,100,16,True,True,Chula C,sk,0.8,Facebook,en,1.0,Facebook is very nosy the employees read your inbox messages along with everything you post
auburama18,Horrible,1,2025-08-17 10:07:03+00:00,526.0.0,False,0,Crashing all the time,,us,Horrible,Crashing all the time,horrible,crashing all the time,Horrible Crashing all the time,horrible crashing all the time,30,5,True,True,auburama18,en,0.8500000000000001,Horrible,en,1.0,Crashing all the time
Messi 10 crack,Modo profesional,1,2025-08-17 09:52:03+00:00,526.0.0,False,0,"Sus actualizaciones son pÃ©simas yo aÃºn no tengo la opciÃ³n de modo profesional ya lo reporte mÃ¡s de 20
Veces y nadie hace nada",,us,Modo profesional,Sus actualizaciones son pÃ©simas yo aÃºn no tengo la opciÃ³n de modo profesional ya lo reporte mÃ¡s de 20 Veces y nadie hace nada,modo profesional,sus actualizaciones son pÃ©simas yo aÃºn no tengo la opciÃ³n de modo profesional ya lo reporte mÃ¡s de 20 veces y nadie hace nada,Modo profesional Sus actualizaciones son pÃ©simas yo aÃºn no tengo la opciÃ³n de modo profesional ya lo reporte mÃ¡s de 20 Veces y nadie hace nada,modo profesional sus actualizaciones son pÃ©simas yo aÃºn no tengo la opciÃ³n de modo profesional ya lo reporte mÃ¡s de 20 veces y nadie hace nada,142,26,True,True,Messi 10 crack,es,0.8500000000000001,Professional mode,es,1.0,"Your updates are terrible, I still don't have the professional mode option. I have reported it more than 20 times and no one does anything."
Pete the Pilgrim,Fraud/Deception/Perversion,1,2025-08-17 09:45:10+00:00,526.0.0,False,0,"The platform has fallen. FB allows fraudsters to litter the platform uncontrolled. All FB influencers are plagued with fake profiles. FB reels mostly consist of foreign accounts with perverted little girl sex exploitation videos.
It's out of control and Facebook allows it . FB platform has fallen to evil.",,us,Fraud/Deception/Perversion,The platform has fallen. FB allows fraudsters to litter the platform uncontrolled. All FB influencers are plagued with fake profiles. FB reels mostly consist of foreign accounts with perverted little girl sex exploitation videos. It's out of control and Facebook allows it. FB platform has fallen to evil.,fraud deception perversion,the platform has fallen. fb allows fraudsters to litter the platform uncontrolled. all fb influencers are plagued with fake profiles. fb reels mostly consist of foreign accounts with perverted little girl sex exploitation videos. it is out of control and facebook allows it. fb platform has fallen to evil.,Fraud/Deception/Perversion The platform has fallen. FB allows fraudsters to litter the platform uncontrolled. All FB influencers are plagued with fake profiles. FB reels mostly consist of foreign accounts with perverted little girl sex exploitation videos. It's out of control and Facebook allows it. FB platform has fallen to evil.,fraud deception perversion the platform has fallen. fb allows fraudsters to litter the platform uncontrolled. all fb influencers are plagued with fake profiles. fb reels mostly consist of foreign accounts with perverted little girl sex exploitation videos. it is out of control and facebook allows it. fb platform has fallen to evil.,332,49,True,True,Pete the Pilgrim,en,1.0,Fraud/Deception/Perversion,en,1.0,The platform has fallen. FB allows fraudsters to litter the platform uncontrolled. All FB influencers are plagued with fake profiles. FB reels mostly consist of foreign accounts with perverted little girl sex exploitation videos. It's out of control and Facebook allows it. FB platform has fallen to evil.
Urbancountryman,Posts too limited by algorithms,1,2025-08-17 09:38:03+00:00,526.0.0,False,0,Tiring of only reaching the same people. Not a good use of my time.,,us,Posts too limited by algorithms,Tiring of only reaching the same people. Not a good use of my time.,posts too limited by algorithms,tiring of only reaching the same people. not a good use of my time.,Posts too limited by algorithms Tiring of only reaching the same people. Not a good use of my time.,posts too limited by algorithms tiring of only reaching the same people. not a good use of my time.,99,19,True,True,Urbancountryman,en,1.0,Posts too limited by algorithms,en,1.0,Tiring of only reaching the same people. Not a good use of my time.
InfiniteBlueS0A,Feed issues,1,2025-08-17 09:35:45+00:00,526.0.0,False,0,Fix the feed issues i try refreshing it and is still the same. Facebook update is not appeared on my appstored.,,us,Feed issues,Fix the feed issues i try refreshing it and is still the same. Facebook update is not appeared on my appstored.,feed issues,repair the feed issues i try refreshing it and is still the same. facebook software update is not appeared on my appstored.,Feed issues Fix the feed issues i try refreshing it and is still the same. Facebook update is not appeared on my appstored.,feed issues repair the feed issues i try refreshing it and is still the same. facebook software update is not appeared on my appstored.,123,23,True,True,InfiniteBlueS0A,en,0.8500000000000001,Feed issues,en,1.0,Fix the feed issues i try refreshing it and is still the same. Facebook update is not appeared on my appstored.
humarock 55,Humarock 55,4,2025-08-17 09:34:36+00:00,526.0.0,False,0,"I enjoy messenger. Itâ€™s on my phone.
Right now Iâ€™m trying to get my password. Anyone have any ideas? I havenâ€™t used Facebook in quite a while. Itâ€™s changed!!!",,us,Humarock 55,I enjoy messenger. Itâ€™s on my phone. Right now Iâ€™m trying to get my password. Anyone have any ideas? I havenâ€™t used Facebook in quite a while. Itâ€™s changed! ! !,humarock 55,i enjoy messenger. it s on my phone. right now i m trying to get my password. anyone have any ideas? i haven t used facebook in quite a while. it s changed! ! !,Humarock 55 I enjoy messenger. Itâ€™s on my phone. Right now Iâ€™m trying to get my password. Anyone have any ideas? I havenâ€™t used Facebook in quite a while. Itâ€™s changed! ! !,humarock 55 i enjoy messenger. it s on my phone. right now i m trying to get my password. anyone have any ideas? i haven t used facebook in quite a while. it s changed! ! !,172,33,True,True,humarock 55,sv,0.8,Humarock 55,en,1.0,I enjoy messenger. Itâ€™s on my phone. Right now Iâ€™m trying to get my password. Anyone have any ideas? I havenâ€™t used Facebook in quite a while. Itâ€™s changed! ! !
Jae bling,I wish my marketplace work as well,5,2025-08-17 09:34:12+00:00,526.0.0,False,0,Facebook is great I love Facebook only thing is I donâ€™t like is my marketplace doesnâ€™t seem to work,,us,I wish my marketplace work as well,Facebook is great I love Facebook only thing is I donâ€™t like is my marketplace doesnâ€™t seem to work,i wish my marketplace work as well,facebook is great i love facebook only thing is i don t like is my marketplace doesn t seem to work,I wish my marketplace work as well Facebook is great I love Facebook only thing is I donâ€™t like is my marketplace doesnâ€™t seem to work,i wish my marketplace work as well facebook is great i love facebook only thing is i don t like is my marketplace doesn t seem to work,134,26,True,True,Jae bling,en,1.0,I wish my marketplace work as well,en,1.0,Facebook is great I love Facebook only thing is I donâ€™t like is my marketplace doesnâ€™t seem to work
â€œViâ€,Facebook Has become Political,1,2025-08-17 09:25:49+00:00,526.0.0,False,0,"Those who dont approve of DJT are hasseled by pop ups and messages that you have been hacked when clicking on certain articles. Also, seem to get unwanted articles of DJT which I didnt request.",,us,Facebook Has become Political,"Those who dont approve of DJT are hasseled by pop ups and messages that you have been hacked when clicking on certain articles. Also, seem to get unwanted articles of DJT which I didnt request.",facebook has become political,"those who dont approve of djt are hasseled by pop ups and messages that you have been hacked when clicking on certain articles. also, seem to get unwanted articles of djt which i didnt request.","Facebook Has become Political Those who dont approve of DJT are hasseled by pop ups and messages that you have been hacked when clicking on certain articles. Also, seem to get unwanted articles of DJT which I didnt request.","facebook has become political those who dont approve of djt are hasseled by pop ups and messages that you have been hacked when clicking on certain articles. also, seem to get unwanted articles of djt which i didnt request.",223,39,True,True,â€œViâ€,en,1.0,Facebook Has become Political,en,1.0,"Those who dont approve of DJT are hasseled by pop ups and messages that you have been hacked when clicking on certain articles. Also, seem to get unwanted articles of DJT which I didnt request."
Ketchup Ann,Love Facebook!,5,2025-08-17 09:05:43+00:00,526.0.0,False,0,Able to keep in touch with friends - and keep aware of politics.,,us,Love Facebook!,Able to keep in touch with friends - and keep aware of politics.,love facebook!,able to keep in touch with friends - and keep aware of politics.,Love Facebook! Able to keep in touch with friends - and keep aware of politics.,love facebook! able to keep in touch with friends - and keep aware of politics.,79,15,True,True,Ketchup Ann,sk,0.8,Milujem Facebook!,en,1.0,Able to keep in touch with friends - and keep aware of politics.
Sherilee123,Why I like Facebook,5,2025-08-17 09:04:30+00:00,526.0.0,False,0,"Facebook has given me the opportunity to connect to the joys and sadness of friends and family. I have a physical condition that keeps me at home most of the time. Facebook has given me the opportunity to connect in ways that I would not be able to. I also enjoy connecting with people that I do not know who have the same interest that I do. I love seeing other peopleâ€™s artwork, sewing, creativity of all kinds. I love reading stories, especially those heartwarming stories that so often come across
In the Facebook feed. Iâ€™m able to share pictures of my grandchildren as they grow with people that I have known since  I was a teenager. I grew up on an island where most people knew each other, and we have stayed in touch through Facebook. Iâ€™ve watched their children and their grandchildren. Iâ€™ve listened to their sorrows as they have lost loved ones and tried to comfort them as they have tried to comfort me many times. I think Facebook, though criticized by many, is a great outlet for joy, communication and information! ğŸ’›ğŸ§¡ğŸ’š",,us,Why I like Facebook,"Facebook has given me the opportunity to connect to the joys and sadness of friends and family. I have a physical condition that keeps me at home most of the time. Facebook has given me the opportunity to connect in ways that I would not be able to. I also enjoy connecting with people that I do not know who have the same interest that I do. I love seeing other peopleâ€™s artwork, sewing, creativity of all kinds. I love reading stories, especially those heartwarming stories that so often come across In the Facebook feed. Iâ€™m able to share pictures of my grandchildren as they grow with people that I have known since I was a teenager. I grew up on an island where most people knew each other, and we have stayed in touch through Facebook. Iâ€™ve watched their children and their grandchildren. Iâ€™ve listened to their sorrows as they have lost loved ones and tried to comfort them as they have tried to comfort me many times. I think Facebook, though criticized by many, is a great outlet for joy, communication and information! ğŸ’›ğŸ§¡ğŸ’š",why i like facebook,"facebook has given me the opportunity to connect to the joys and sadness of friends and family. i have a physical condition that keeps me at home most of the time. facebook has given me the opportunity to connect in ways that i would not be able to. i also enjoy connecting with people that i do not know who have the same interest that i do. i love seeing other people s artwork, sewing, creativity of all kinds. i love reading stories, especially those heartwarming stories that so often come across in the facebook feed. i m able to share pictures of my grandchildren as they grow with people that i have known since i was a teenager. i grew up on an island where most people knew each other, and we have stayed in touch through facebook. i ve watched their children and their grandchildren. i ve listened to their sorrows as they have lost loved ones and tried to comfort them as they have tried to comfort me many times. i think facebook, though criticized by many, is a great outlet for joy, communication and information!","Why I like Facebook Facebook has given me the opportunity to connect to the joys and sadness of friends and family. I have a physical condition that keeps me at home most of the time. Facebook has given me the opportunity to connect in ways that I would not be able to. I also enjoy connecting with people that I do not know who have the same interest that I do. I love seeing other peopleâ€™s artwork, sewing, creativity of all kinds. I love reading stories, especially those heartwarming stories that so often come across In the Facebook feed. Iâ€™m able to share pictures of my grandchildren as they grow with people that I have known since I was a teenager. I grew up on an island where most people knew each other, and we have stayed in touch through Facebook. Iâ€™ve watched their children and their grandchildren. Iâ€™ve listened to their sorrows as they have lost loved ones and tried to comfort them as they have tried to comfort me many times. I think Facebook, though criticized by many, is a great outlet for joy, communication and information! ğŸ’›ğŸ§¡ğŸ’š","why i like facebook facebook has given me the opportunity to connect to the joys and sadness of friends and family. i have a physical condition that keeps me at home most of the time. facebook has given me the opportunity to connect in ways that i would not be able to. i also enjoy connecting with people that i do not know who have the same interest that i do. i love seeing other people s artwork, sewing, creativity of all kinds. i love reading stories, especially those heartwarming stories that so often come across in the facebook feed. i m able to share pictures of my grandchildren as they grow with people that i have known since i was a teenager. i grew up on an island where most people knew each other, and we have stayed in touch through facebook. i ve watched their children and their grandchildren. i ve listened to their sorrows as they have lost loved ones and tried to comfort them as they have tried to comfort me many times. i think facebook, though criticized by many, is a great outlet for joy, communication and information!",1052,190,True,True,Sherilee123,en,0.8500000000000001,Why I like Facebook,en,1.0,"Facebook has given me the opportunity to connect to the joys and sadness of friends and family. I have a physical condition that keeps me at home most of the time. Facebook has given me the opportunity to connect in ways that I would not be able to. I also enjoy connecting with people that I do not know who have the same interest that I do. I love seeing other peopleâ€™s artwork, sewing, creativity of all kinds. I love reading stories, especially those heartwarming stories that so often come across In the Facebook feed. Iâ€™m able to share pictures of my grandchildren as they grow with people that I have known since I was a teenager. I grew up on an island where most people knew each other, and we have stayed in touch through Facebook. Iâ€™ve watched their children and their grandchildren. Iâ€™ve listened to their sorrows as they have lost loved ones and tried to comfort them as they have tried to comfort me many times. I think Facebook, though criticized by many, is a great outlet for joy, communication and information! ğŸ’›ğŸ§¡ğŸ’š"
Boneztheclown,Fix your platform,1,2025-08-17 09:01:47+00:00,526.0.0,False,0,Used to be halfway decent but nowadays I have to delete 10 ads etc to see one friends post,,us,Fix your platform,Used to be halfway decent but nowadays I have to delete 10 ads etc to see one friends post,repair your platform,used to be halfway decent but nowadays i have to delete 10 ads etc to see one friends post,Fix your platform Used to be halfway decent but nowadays I have to delete 10 ads etc to see one friends post,repair your platform used to be halfway decent but nowadays i have to delete 10 ads etc to see one friends post,108,22,True,True,Boneztheclown,en,0.8500000000000001,Fix your platform,en,1.0,Used to be halfway decent but nowadays I have to delete 10 ads etc to see one friends post
