userName,title,rating,date,version,isEdited,voteCount,review,developerResponse,country,title_clean,review_clean,title_normalized,review_normalized,text_clean,text_normalized,text_length,word_count,has_title,has_review,username_clean,title_clean_language,title_clean_language_confidence,title_clean_translated,review_clean_language,review_clean_language_confidence,review_clean_translated,title_sentiment_positive,title_sentiment_negative,title_sentiment_neutral,title_sentiment_compound,title_sentiment_class,title_sentiment_intensity,review_sentiment_positive,review_sentiment_negative,review_sentiment_neutral,review_sentiment_compound,review_sentiment_class,review_sentiment_intensity
Dani‚Äôjhaye Guyton,I hate TikTok not even fun at all such a piss of,1,2025-08-16 23:40:27+00:00,41.2.0,False,0,I gave it a 1 star,,us,I hate TikTok not even fun at all such a piss of,I gave it a 1 star,i hate tiktok not even fun at all such a piss of,i gave it a 1 star,I hate TikTok not even fun at all such a piss of I gave it a 1 star,i hate tiktok not even fun at all such a piss of i gave it a 1 star,67,18,True,True,Dani‚Äôjhaye Guyton,en,1.0,I hate TikTok not even fun at all such a piss of,sq,0.8,I i dhash√´ nj√´ yll.,0.0,0.503,0.497,-0.8443,negative,very_strong,0.0,0.0,1.0,0.0,neutral,neutral
BriDonn,Guidelines,3,2025-08-16 23:04:33+00:00,41.2.0,False,0,Blocking everything but racist comments from bots and people with no pfp.,,us,Guidelines,Blocking everything but racist comments from bots and people with no pfp.,guidelines,blocking everything but racist comments from bots and people with no pfp.,Guidelines Blocking everything but racist comments from bots and people with no pfp.,guidelines blocking everything but racist comments from bots and people with no pfp.,84,13,True,True,BriDonn,es,0.8500000000000001,Directrices,en,1.0,Blocking everything but racist comments from bots and people with no pfp.,0.0,0.0,1.0,0.0,neutral,neutral,0.0,0.529,0.471,-0.8779,negative,very_strong
Boomdome,Messenger says no,5,2025-08-16 22:46:27+00:00,41.2.0,False,0,"When anyone sends me a video from tik tok on messenger and I click on it, it just sends me to the App Store. I can never see the video that people send me on messenger.",,us,Messenger says no,"When anyone sends me a video from tik tok on messenger and I click on it, it just sends me to the App Store. I can never see the video that people send me on messenger.",messenger says no,"when anyone sends me a video from tik tok on messenger and i click on it, it just sends me to the application store. i can never see the video that people send me on messenger.","Messenger says no When anyone sends me a video from tik tok on messenger and I click on it, it just sends me to the App Store. I can never see the video that people send me on messenger.","messenger says no when anyone sends me a video from tik tok on messenger and i click on it, it just sends me to the application store. i can never see the video that people send me on messenger.",186,39,True,True,Boomdome,no,0.8,Budbringer sier nei,en,1.0,"When anyone sends me a video from tik tok on messenger and I click on it, it just sends me to the App Store. I can never see the video that people send me on messenger.",0.0,0.0,1.0,0.0,neutral,neutral,0.0,0.0,1.0,0.0,neutral,neutral
Eeekkk1233,Eekkkkk,5,2025-08-16 22:27:44+00:00,41.2.0,False,0,Love this app harassed my ex on it enough we got back tg üòù,,us,Eekkkkk,Love this app harassed my ex on it enough we got back tg üòù,eekkkkk,love this application harassed my ex on it enough we got back tg,Eekkkkk Love this app harassed my ex on it enough we got back tg üòù,eekkkkk love this application harassed my ex on it enough we got back tg,66,15,True,True,Eeekkk1233,et,0.8,Yikes,en,1.0,Love this app harassed my ex on it enough we got back tg üòù,0.0,0.0,1.0,0.0,neutral,neutral,0.185,0.154,0.661,0.1779,positive,weak
To be a great day to be a,To be a great day to be a great da,5,2025-08-16 22:19:22+00:00,41.2.0,False,0,Be a great day to be a great day to be a great day to be a great day to be a great day to be a great day to be a great day to be a great day to be a great day to be a great day to be a great day to be a great day to be a great day to be a great day to,,us,To be a great day to be a great da,Be a great day to be a great day to be a great day to be a great day to be a great day to be a great day to be a great day to be a great day to be a great day to be a great day to be a great day to be a great day to be a great day to be a great day to,to be a great day to be a great da,be a great day to be a great day to be a great day to be a great day to be a great day to be a great day to be a great day to be a great day to be a great day to be a great day to be a great day to be a great day to be a great day to be a great day to,To be a great day to be a great da Be a great day to be a great day to be a great day to be a great day to be a great day to be a great day to be a great day to be a great day to be a great day to be a great day to be a great day to be a great day to be a great day to be a great day to,to be a great day to be a great da be a great day to be a great day to be a great day to be a great day to be a great day to be a great day to be a great day to be a great day to be a great day to be a great day to be a great day to be a great day to be a great day to be a great day to,286,80,True,True,To be a great day to be a,en,1.0,To be a great day to be a great da,en,1.0,Be a great day to be a great day to be a great day to be a great day to be a great day to be a great day to be a great day to be a great day to be a great day to be a great day to be a great day to be a great day to be a great day to be a great day to,0.506,0.0,0.494,0.8481,positive,very_strong,0.506,0.0,0.494,0.996,positive,very_strong
Bro dontneednomfname,Problems,2,2025-08-16 22:17:01+00:00,41.2.0,False,0,First of all all day u have been having issues with my app bro it‚Äôs making me mad and annoyed,,us,Problems,First of all all day u have been having issues with my app bro it‚Äôs making me mad and annoyed,problems,first of all all day u have been having issues with my application bro it s making me mad and annoyed,Problems First of all all day u have been having issues with my app bro it‚Äôs making me mad and annoyed,problems first of all all day u have been having issues with my application bro it s making me mad and annoyed,102,21,True,True,Bro dontneednomfname,sl,0.8,Te≈æave,en,1.0,First of all all day u have been having issues with my app bro it‚Äôs making me mad and annoyed,0.0,0.0,1.0,0.0,neutral,neutral,0.0,0.244,0.756,-0.7003,negative,strong
Taylor189,Leaving sept 13 you sell outs,1,2025-08-16 22:16:43+00:00,41.2.0,False,0,"I used to go on everyday for hours but open maybe 3 times a week. After yall came back  after the shutdown yall seem bought out. I would've rather yall just shut down than be sold. Nothing but adds now. My fyp is rarely what it used to be. I report clearly racist comments/content all the time and yall say it's fine...but then send me a violation for a screenshot of a tiktok that was literally a older women standing there and two adults sitting at a table, nothing more. Straight trash of you. But what has broken the straw is your new policies. So just take our free speech away? That is what makes TikTok TikTok. Plus a few other new changes. Yea I'm leaving when that happens, bunch of sell outs",,us,Leaving sept 13 you sell outs,"I used to go on everyday for hours but open maybe 3 times a week. After yall came back after the shutdown yall seem bought out. I would've rather yall just shut down than be sold. Nothing but adds now. My fyp is rarely what it used to be. I report clearly racist comments/content all the time and yall say it's fine. . . but then send me a violation for a screenshot of a tiktok that was literally a older women standing there and two adults sitting at a table, nothing more. Straight trash of you. But what has broken the straw is your new policies. So just take our free speech away? That is what makes TikTok TikTok. Plus a few other new changes. Yea I'm leaving when that happens, bunch of sell outs",leaving sept 13 you sell outs,"i used to go on everyday for hours but open maybe 3 times a week. after yall came back after the shutdown yall seem bought out. i would ve rather yall just shut down than be sold. nothing but adds now. my fyp is rarely what it used to be. i report clearly racist comments content all the time and yall say it is fine. . . but then send me a violation for a screenshot of a tiktok that was literally a older women standing there and two adults sitting at a table, nothing more. straight trash of you. but what has broken the straw is your new policies. so just take our free speech away? that is what makes tiktok tiktok. plus a few other new changes. yea i am leaving when that happens, bunch of sell outs","Leaving sept 13 you sell outs I used to go on everyday for hours but open maybe 3 times a week. After yall came back after the shutdown yall seem bought out. I would've rather yall just shut down than be sold. Nothing but adds now. My fyp is rarely what it used to be. I report clearly racist comments/content all the time and yall say it's fine. . . but then send me a violation for a screenshot of a tiktok that was literally a older women standing there and two adults sitting at a table, nothing more. Straight trash of you. But what has broken the straw is your new policies. So just take our free speech away? That is what makes TikTok TikTok. Plus a few other new changes. Yea I'm leaving when that happens, bunch of sell outs","leaving sept 13 you sell outs i used to go on everyday for hours but open maybe 3 times a week. after yall came back after the shutdown yall seem bought out. i would ve rather yall just shut down than be sold. nothing but adds now. my fyp is rarely what it used to be. i report clearly racist comments content all the time and yall say it is fine. . . but then send me a violation for a screenshot of a tiktok that was literally a older women standing there and two adults sitting at a table, nothing more. straight trash of you. but what has broken the straw is your new policies. so just take our free speech away? that is what makes tiktok tiktok. plus a few other new changes. yea i am leaving when that happens, bunch of sell outs",733,142,True,True,Taylor189,fr,1.0,Leaving sept 13 you sell outs,en,1.0,"I used to go on everyday for hours but open maybe 3 times a week. After yall came back after the shutdown yall seem bought out. I would've rather yall just shut down than be sold. Nothing but adds now. My fyp is rarely what it used to be. I report clearly racist comments/content all the time and yall say it's fine. . . but then send me a violation for a screenshot of a tiktok that was literally a older women standing there and two adults sitting at a table, nothing more. Straight trash of you. But what has broken the straw is your new policies. So just take our free speech away? That is what makes TikTok TikTok. Plus a few other new changes. Yea I'm leaving when that happens, bunch of sell outs",0.0,0.0,1.0,0.0,neutral,neutral,0.066,0.105,0.83,-0.7949,negative,strong
Keiyzirah,HIII,5,2025-08-16 21:38:15+00:00,41.2.0,False,0,I love your app except for the fact it says 12+ but u age retrict 12 year olds,,us,HIII,I love your app except for the fact it says 12+ but u age retrict 12 year olds,hiii,i love your application except for the fact it says 12 but u age retrict 12 year olds,HIII I love your app except for the fact it says 12+ but u age retrict 12 year olds,hiii i love your application except for the fact it says 12 but u age retrict 12 year olds,83,19,True,True,Keiyzirah,unknown,0.0,HIII,en,1.0,I love your app except for the fact it says 12+ but u age retrict 12 year olds,0.0,0.0,1.0,0.0,neutral,neutral,0.133,0.0,0.867,0.3818,positive,moderate
FartNuggets_69üòº,It's tiktok,5,2025-08-16 20:51:33+00:00,41.2.0,False,0,What else u want from me gng,,us,It's tiktok,What else u want from me gng,it is tiktok,what else u want from me gng,It's tiktok What else u want from me gng,it is tiktok what else u want from me gng,40,9,True,True,FartNuggets_69üòº,sq,0.8,It's TikTok,en,1.0,What else u want from me gng,0.0,0.0,1.0,0.0,neutral,neutral,0.178,0.0,0.822,0.0772,positive,neutral
Andiddyyyy,I love TikTok,5,2025-08-16 20:44:41+00:00,41.2.0,False,0,I love TikTok so much I love it so much I love it so much,,us,I love TikTok,I love TikTok so much I love it so much I love it so much,i love tiktok,i love tiktok so much i love it so much i love it so much,I love TikTok I love TikTok so much I love it so much I love it so much,i love tiktok i love tiktok so much i love it so much i love it so much,71,18,True,True,Andiddyyyy,sl,0.8,Mam rad TikTok.,sk,0.95,"Milujem TikTok tak veƒæmi, milujem ho tak veƒæmi, milujem ho tak veƒæmi.",0.0,0.0,1.0,0.0,neutral,neutral,0.0,0.0,1.0,0.0,neutral,neutral
luisgamercool23woeo,hi,5,2025-08-16 20:36:19+00:00,41.2.0,False,0,where are the stickers.,,us,hi,where are the stickers.,hi,where are the stickers.,hi where are the stickers.,hi where are the stickers.,26,5,True,True,luisgamercool23woeo,unknown,0.0,hi,en,1.0,where are the stickers.,0.0,0.0,1.0,0.0,neutral,neutral,0.0,0.0,1.0,0.0,neutral,neutral
AAJAJAJAJANANANNAJ,I HATE TIKTOK,1,2025-08-16 20:27:59+00:00,41.2.0,False,0,TIKTOK HLT BE BANNED FOR NO REASON I HATE TIKTPK AAAAAAAAAAA I VANT TALK TO MY FRIENDS NOW,,us,I HATE TIKTOK,TIKTOK HLT BE BANNED FOR NO REASON I HATE TIKTPK AAAAAAAAAAA I VANT TALK TO MY FRIENDS NOW,i hate tiktok,tiktok hlt be banned for no reason i hate tiktpk aaaaaaaaaaa i vant talk to my friends now,I HATE TIKTOK TIKTOK HLT BE BANNED FOR NO REASON I HATE TIKTPK AAAAAAAAAAA I VANT TALK TO MY FRIENDS NOW,i hate tiktok tiktok hlt be banned for no reason i hate tiktpk aaaaaaaaaaa i vant talk to my friends now,104,21,True,True,AAJAJAJAJANANANNAJ,en,0.8500000000000001,I HATE TIKTOK,en,1.0,TIKTOK HLT BE BANNED FOR NO REASON I HATE TIKTPK AAAAAAAAAAA I VANT TALK TO MY FRIENDS NOW,0.0,0.649,0.351,-0.5719,negative,moderate,0.119,0.342,0.538,-0.7003,negative,strong
god meep,Controlled media.,1,2025-08-16 20:25:38+00:00,41.2.0,False,0,"This review might get taken down. 
TikTok used to be a free app, an entertaining app, and a news source for many. Now it‚Äôs being controlled by the trump administration to where it is censoring anything against the administration. The admin is controlling the app to show only things it wants us to see. My best recommendation is to erase the app if you already have it, or to never download the app. We need to use a different news source. TikTok will cease to exist in a couple months just before the launch of a new app called ‚ÄúM‚Äù, which is an even more heavily monitored app. The United States is no longer united. The country and its government is not about to fall‚Ä¶ it is already falling. An empire which was respected by the entire world is now vanishing, becoming the laughing stock of the world. Our country is being controlled by the elite and by the greedy. We are being separated by in categories. Extremely Rich and filthy poor. They are going to completely take control of the working class if we don‚Äôt do anything. Overthrowing governments is in our rights in the constitution which too have been changed to benefit the trump admin. Peaceful protests will not get us anywhere. What we need is rebellion. The government will not be able to handle millions of us. What side of history will you be on?",,us,Controlled media.,"This review might get taken down. TikTok used to be a free app, an entertaining app, and a news source for many. Now it‚Äôs being controlled by the trump administration to where it is censoring anything against the administration. The admin is controlling the app to show only things it wants us to see. My best recommendation is to erase the app if you already have it, or to never download the app. We need to use a different news source. TikTok will cease to exist in a couple months just before the launch of a new app called ‚ÄúM‚Äù, which is an even more heavily monitored app. The United States is no longer united. The country and its government is not about to fall. . . it is already falling. An empire which was respected by the entire world is now vanishing, becoming the laughing stock of the world. Our country is being controlled by the elite and by the greedy. We are being separated by in categories. Extremely Rich and filthy poor. They are going to completely take control of the working class if we don‚Äôt do anything. Overthrowing governments is in our rights in the constitution which too have been changed to benefit the trump admin. Peaceful protests will not get us anywhere. What we need is rebellion. The government will not be able to handle millions of us. What side of history will you be on?",controlled media.,"this review might get taken down. tiktok used to be a free application an entertaining application and a news source for many. now it s being controlled by the trump administration to where it is censoring anything against the administration. the admin is controlling the application to show only things it wants us to see. my best recommendation is to erase the application if you already have it, or to never download the application we need to use a different news source. tiktok will cease to exist in a couple months just before the launch of a new application called m , which is an even more heavily monitored application the united states is no longer united. the country and its government is not about to fall. . . it is already falling. an empire which was respected by the entire world is now vanishing, becoming the laughing stock of the world. our country is being controlled by the elite and by the greedy. we are being separated by in categories. extremely rich and filthy poor. they are going to completely take control of the working class if we don t do anything. overthrowing governments is in our rights in the constitution which too have been changed to benefit the trump admin. peaceful protests will not get us anywhere. what we need is rebellion. the government will not be able to handle millions of us. what side of history will you be on?","Controlled media. This review might get taken down. TikTok used to be a free app, an entertaining app, and a news source for many. Now it‚Äôs being controlled by the trump administration to where it is censoring anything against the administration. The admin is controlling the app to show only things it wants us to see. My best recommendation is to erase the app if you already have it, or to never download the app. We need to use a different news source. TikTok will cease to exist in a couple months just before the launch of a new app called ‚ÄúM‚Äù, which is an even more heavily monitored app. The United States is no longer united. The country and its government is not about to fall. . . it is already falling. An empire which was respected by the entire world is now vanishing, becoming the laughing stock of the world. Our country is being controlled by the elite and by the greedy. We are being separated by in categories. Extremely Rich and filthy poor. They are going to completely take control of the working class if we don‚Äôt do anything. Overthrowing governments is in our rights in the constitution which too have been changed to benefit the trump admin. Peaceful protests will not get us anywhere. What we need is rebellion. The government will not be able to handle millions of us. What side of history will you be on?","controlled media. this review might get taken down. tiktok used to be a free application an entertaining application and a news source for many. now it s being controlled by the trump administration to where it is censoring anything against the administration. the admin is controlling the application to show only things it wants us to see. my best recommendation is to erase the application if you already have it, or to never download the application we need to use a different news source. tiktok will cease to exist in a couple months just before the launch of a new application called m , which is an even more heavily monitored application the united states is no longer united. the country and its government is not about to fall. . . it is already falling. an empire which was respected by the entire world is now vanishing, becoming the laughing stock of the world. our country is being controlled by the elite and by the greedy. we are being separated by in categories. extremely rich and filthy poor. they are going to completely take control of the working class if we don t do anything. overthrowing governments is in our rights in the constitution which too have been changed to benefit the trump admin. peaceful protests will not get us anywhere. what we need is rebellion. the government will not be able to handle millions of us. what side of history will you be on?",1333,242,True,True,god meep,it,0.8500000000000001,Media controllati.,en,1.0,"This review might get taken down. TikTok used to be a free app, an entertaining app, and a news source for many. Now it‚Äôs being controlled by the trump administration to where it is censoring anything against the administration. The admin is controlling the app to show only things it wants us to see. My best recommendation is to erase the app if you already have it, or to never download the app. We need to use a different news source. TikTok will cease to exist in a couple months just before the launch of a new app called ‚ÄúM‚Äù, which is an even more heavily monitored app. The United States is no longer united. The country and its government is not about to fall. . . it is already falling. An empire which was respected by the entire world is now vanishing, becoming the laughing stock of the world. Our country is being controlled by the elite and by the greedy. We are being separated by in categories. Extremely Rich and filthy poor. They are going to completely take control of the working class if we don‚Äôt do anything. Overthrowing governments is in our rights in the constitution which too have been changed to benefit the trump admin. Peaceful protests will not get us anywhere. What we need is rebellion. The government will not be able to handle millions of us. What side of history will you be on?",0.0,0.0,1.0,0.0,neutral,neutral,0.11,0.056,0.834,0.9563,positive,very_strong
RobinRobert‚Ä¶,Terrible,1,2025-08-16 20:19:20+00:00,41.2.0,False,0,Terrible app to many nude stuff all over videos and other things very bad app,,us,Terrible,Terrible app to many nude stuff all over videos and other things very bad app,terrible,terrible application to many nude stuff all over videos and other things very bad application,Terrible Terrible app to many nude stuff all over videos and other things very bad app,terrible terrible application to many nude stuff all over videos and other things very bad application,86,16,True,True,RobinRobert. . .,ca,0.8,Awful,en,1.0,Terrible app to many nude stuff all over videos and other things very bad app,0.0,1.0,0.0,-0.4588,negative,moderate,0.0,0.347,0.653,-0.7841,negative,strong
Mah‚Äôkayla,TikTok,1,2025-08-16 20:11:11+00:00,41.2.0,False,0,It will not let me download the app,,us,TikTok,It will not let me download the app,tiktok,it will not let me download the application,TikTok It will not let me download the app,tiktok it will not let me download the application,42,9,True,True,Mah‚Äôkayla,id,0.8,TikTok,en,1.0,It will not let me download the app,0.0,0.0,1.0,0.0,neutral,neutral,0.0,0.0,1.0,0.0,neutral,neutral
My little 5 star rating,Hashtag Limit..,3,2025-08-16 19:58:40+00:00,41.2.0,False,0,"It would be 5 if my hashtag limit wasn‚Äôt 5. yes. FIVE. 5 hashtags per video. That allows me to get less views and likes. It was 7. Which I didn‚Äôt really mind but was still annoying, but then I‚Äôm posting and it says ‚ÄúHashtag Limit reached, only 5‚Äù or something. Please make it to where there isn‚Äôt a limit. Thanks.",,us,Hashtag Limit. .,"It would be 5 if my hashtag limit wasn‚Äôt 5. yes. FIVE. 5 hashtags per video. That allows me to get less views and likes. It was 7. Which I didn‚Äôt really mind but was still annoying, but then I‚Äôm posting and it says ‚ÄúHashtag Limit reached, only 5‚Äù or something. Please make it to where there isn‚Äôt a limit. Thanks.",hashtag limit. .,"it would be 5 if my hashtag limit wasn t 5. yes. five. 5 hashtags per video. that allows me to get less views and likes. it was 7. which i didn t really mind but was still annoying, but then i m posting and it says hashtag limit reached, only 5 or something. please make it to where there isn t a limit. thanks.","Hashtag Limit. . It would be 5 if my hashtag limit wasn‚Äôt 5. yes. FIVE. 5 hashtags per video. That allows me to get less views and likes. It was 7. Which I didn‚Äôt really mind but was still annoying, but then I‚Äôm posting and it says ‚ÄúHashtag Limit reached, only 5‚Äù or something. Please make it to where there isn‚Äôt a limit. Thanks.","hashtag limit. . it would be 5 if my hashtag limit wasn t 5. yes. five. 5 hashtags per video. that allows me to get less views and likes. it was 7. which i didn t really mind but was still annoying, but then i m posting and it says hashtag limit reached, only 5 or something. please make it to where there isn t a limit. thanks.",330,64,True,True,My little 5 star rating,sq,0.8,Hashtag Limit.,en,1.0,"It would be 5 if my hashtag limit wasn‚Äôt 5. yes. FIVE. 5 hashtags per video. That allows me to get less views and likes. It was 7. Which I didn‚Äôt really mind but was still annoying, but then I‚Äôm posting and it says ‚ÄúHashtag Limit reached, only 5‚Äù or something. Please make it to where there isn‚Äôt a limit. Thanks.",0.0,0.0,1.0,0.0,neutral,neutral,0.17,0.05,0.779,0.7556,positive,strong
BzFrmTheVi,Well done,5,2025-08-16 19:34:53+00:00,41.2.0,False,0,IG who?,,us,Well done,IG who?,well done,ig who?,Well done IG who?,well done ig who?,17,4,True,True,BzFrmTheVi,it,0.8500000000000001,Ben fatto,en,0.8500000000000001,IG who?,0.0,0.0,1.0,0.0,neutral,neutral,0.0,0.0,1.0,0.0,neutral,neutral
Cummlovers,Unban me,1,2025-08-16 19:20:25+00:00,41.2.0,False,0,I got banned for no reason all I post is my bike,,us,Unban me,I got banned for no reason all I post is my bike,unban me,i got banned for no reason all i post is my bike,Unban me I got banned for no reason all I post is my bike,unban me i got banned for no reason all i post is my bike,57,14,True,True,Cummlovers,id,0.8,Unban me,en,1.0,I got banned for no reason all I post is my bike,0.0,0.0,1.0,0.0,neutral,neutral,0.0,0.342,0.658,-0.6369,negative,strong
Fin ed srt,Gay,1,2025-08-16 19:19:06+00:00,41.2.0,False,0,No this app is terrible it screws with your brain china made it to mess us people up.,,us,Gay,No this app is terrible it screws with your brain china made it to mess us people up.,gay,no this application is terrible it screws with your brain china made it to mess us people up.,Gay No this app is terrible it screws with your brain china made it to mess us people up.,gay no this application is terrible it screws with your brain china made it to mess us people up.,89,19,True,True,Fin ed srt,unknown,0.0,Gay,en,1.0,No this app is terrible it screws with your brain china made it to mess us people up.,0.0,0.0,1.0,0.0,neutral,neutral,0.0,0.412,0.588,-0.8316,negative,very_strong
theamazingpotao,Deleting all of reposts,5,2025-08-16 19:04:07+00:00,41.2.0,False,0,I was wondering if you could add a button for removing all of your reposts entirely instead of doing it one by one because I wanna remove all of my reposts but I repost alot and I‚Äôve been doing so since like 2022 or ever since the repost button was added I feel like it would make it easier for alot of peope,,us,Deleting all of reposts,I was wondering if you could add a button for removing all of your reposts entirely instead of doing it one by one because I wanna remove all of my reposts but I repost alot and I‚Äôve been doing so since like 2022 or ever since the repost button was added I feel like it would make it easier for alot of peope,deleting all of reposts,i was wondering if you could add a button for removing all of your reposts entirely instead of doing it one by one because i wanna remove all of my reposts but i repost alot and i ve been doing so since like 2022 or ever since the repost button was added i feel like it would make it easier for alot of peope,Deleting all of reposts I was wondering if you could add a button for removing all of your reposts entirely instead of doing it one by one because I wanna remove all of my reposts but I repost alot and I‚Äôve been doing so since like 2022 or ever since the repost button was added I feel like it would make it easier for alot of peope,deleting all of reposts i was wondering if you could add a button for removing all of your reposts entirely instead of doing it one by one because i wanna remove all of my reposts but i repost alot and i ve been doing so since like 2022 or ever since the repost button was added i feel like it would make it easier for alot of peope,332,67,True,True,theamazingpotao,en,1.0,Deleting all of reposts,en,1.0,I was wondering if you could add a button for removing all of your reposts entirely instead of doing it one by one because I wanna remove all of my reposts but I repost alot and I‚Äôve been doing so since like 2022 or ever since the repost button was added I feel like it would make it easier for alot of peope,0.0,0.0,1.0,0.0,neutral,neutral,0.15,0.0,0.85,0.8914,positive,very_strong
kimbo09118,Sometimes sad and happy,4,2025-08-16 18:55:04+00:00,41.2.0,False,0,My dream is become a,,us,Sometimes sad and happy,My dream is become a,sometimes sad and happy,my dream is become a,Sometimes sad and happy My dream is become a,sometimes sad and happy my dream is become a,44,9,True,True,kimbo09118,en,1.0,Sometimes sad and happy,en,0.8500000000000001,My dream is become a,0.42,0.352,0.227,0.1531,positive,weak,0.333,0.0,0.667,0.25,positive,weak
ashispookie,Mic,5,2025-08-16 18:44:51+00:00,41.2.0,False,0,Pls give me microphone to talk w my friends,,us,Mic,Pls give me microphone to talk w my friends,mic,pls give me microphone to talk w my friends,Mic Pls give me microphone to talk w my friends,mic pls give me microphone to talk w my friends,47,10,True,True,ashispookie,unknown,0.0,Mic,en,1.0,Pls give me microphone to talk w my friends,0.0,0.0,1.0,0.0,neutral,neutral,0.386,0.0,0.614,0.5267,positive,moderate
·¥¢·¥è·¥ç ôs ‡Ω≤‡æÄ,BEST APP EVER!,4,2025-08-16 18:43:06+00:00,41.2.0,False,0,"TikTok has to be one of the best apps ever, I can edit and post, it finds my interests and lots more. Only problem is reaching my edits out to the right people, I would like if TikTok pushed the small creators/editors out on the fyp more but either then that, it is an awesome app!",,us,BEST APP EVER!,"TikTok has to be one of the best apps ever, I can edit and post, it finds my interests and lots more. Only problem is reaching my edits out to the right people, I would like if TikTok pushed the small creators/editors out on the fyp more but either then that, it is an awesome app!",best application ever!,"tiktok has to be one of the best applications ever, i can edit and post, it finds my interests and lots more. only problem is reaching my edits out to the right people, i would like if tiktok pushed the small creators editors out on the fyp more but either then that, it is an awesome application","BEST APP EVER! TikTok has to be one of the best apps ever, I can edit and post, it finds my interests and lots more. Only problem is reaching my edits out to the right people, I would like if TikTok pushed the small creators/editors out on the fyp more but either then that, it is an awesome app!","best application ever! tiktok has to be one of the best applications ever, i can edit and post, it finds my interests and lots more. only problem is reaching my edits out to the right people, i would like if tiktok pushed the small creators editors out on the fyp more but either then that, it is an awesome application",296,59,True,True,·¥¢·¥è·¥ç ôs ‡Ω≤‡æÄ,de,0.8500000000000001,BESTE APP √úBERHAUPT!,en,1.0,"TikTok has to be one of the best apps ever, I can edit and post, it finds my interests and lots more. Only problem is reaching my edits out to the right people, I would like if TikTok pushed the small creators/editors out on the fyp more but either then that, it is an awesome app!",0.0,0.0,1.0,0.0,neutral,neutral,0.202,0.031,0.767,0.8807,positive,very_strong
Jakes.f30,Support/age verification,1,2025-08-16 18:31:26+00:00,41.2.0,False,0,"TikTok‚Äôs support is an utter joke, it‚Äôs the worst form of support you can get from an ai assistant and personal human assistant, the human assistants get paid to basically tell you they can‚Äôt help you because they don‚Äôt know how to do their job. This has been an on going thing with their support system, I‚Äôm 28 and been trying to verify my age on TikTok but TikTok keeps having issues on their end on their servers but they are quick to point blame from their support personal rather than take their own accountability even though they have the money and needs to fix the current and on going issues",,us,Support/age verification,"TikTok‚Äôs support is an utter joke, it‚Äôs the worst form of support you can get from an ai assistant and personal human assistant, the human assistants get paid to basically tell you they can‚Äôt help you because they don‚Äôt know how to do their job. This has been an on going thing with their support system, I‚Äôm 28 and been trying to verify my age on TikTok but TikTok keeps having issues on their end on their servers but they are quick to point blame from their support personal rather than take their own accountability even though they have the money and needs to fix the current and on going issues",support age verification,"tiktok s support is an utter joke, it s the worst form of support you can get from an ai assistant and personal human assistant, the human assistants get paid to basically tell you they can t help you because they don t know how to do their job. this has been an on going thing with their support system, i m 28 and been trying to verify my age on tiktok but tiktok keeps having issues on their end on their servers but they are quick to point blame from their support personal rather than take their own accountability even though they have the money and needs to repair the current and on going issues","Support/age verification TikTok‚Äôs support is an utter joke, it‚Äôs the worst form of support you can get from an ai assistant and personal human assistant, the human assistants get paid to basically tell you they can‚Äôt help you because they don‚Äôt know how to do their job. This has been an on going thing with their support system, I‚Äôm 28 and been trying to verify my age on TikTok but TikTok keeps having issues on their end on their servers but they are quick to point blame from their support personal rather than take their own accountability even though they have the money and needs to fix the current and on going issues","support age verification tiktok s support is an utter joke, it s the worst form of support you can get from an ai assistant and personal human assistant, the human assistants get paid to basically tell you they can t help you because they don t know how to do their job. this has been an on going thing with their support system, i m 28 and been trying to verify my age on tiktok but tiktok keeps having issues on their end on their servers but they are quick to point blame from their support personal rather than take their own accountability even though they have the money and needs to repair the current and on going issues",625,113,True,True,Jakes. f30,en,1.0,Support/age verification,en,1.0,"TikTok‚Äôs support is an utter joke, it‚Äôs the worst form of support you can get from an ai assistant and personal human assistant, the human assistants get paid to basically tell you they can‚Äôt help you because they don‚Äôt know how to do their job. This has been an on going thing with their support system, I‚Äôm 28 and been trying to verify my age on TikTok but TikTok keeps having issues on their end on their servers but they are quick to point blame from their support personal rather than take their own accountability even though they have the money and needs to fix the current and on going issues",0.0,0.0,1.0,0.0,neutral,neutral,0.105,0.047,0.849,0.6183,positive,strong
Veerveee,hashtag limit..,3,2025-08-16 18:29:03+00:00,41.2.0,False,0,I hate the fact you added a limit to the hashtags. only 5?? FIVE hashtags. How are most people going to get more reach?? I have a small page of followers and whatnot it‚Äôs really aggravating and I find it pointless that there‚Äôs a limit to it. I haven‚Äôt been getting the amount of views i‚Äôve usually been receiving. I‚Äôm able to get more views when im using more tags.,,us,hashtag limit. .,I hate the fact you added a limit to the hashtags. only 5? ? FIVE hashtags. How are most people going to get more reach? ? I have a small page of followers and whatnot it‚Äôs really aggravating and I find it pointless that there‚Äôs a limit to it. I haven‚Äôt been getting the amount of views i‚Äôve usually been receiving. I‚Äôm able to get more views when im using more tags.,hashtag limit. .,i hate the fact you added a limit to the hashtags. only 5? ? five hashtags. how are most people going to get more reach? ? i have a small page of followers and whatnot it s really aggravating and i find it pointless that there s a limit to it. i haven t been getting the amount of views i ve usually been receiving. i m able to get more views when im using more tags.,hashtag limit. . I hate the fact you added a limit to the hashtags. only 5? ? FIVE hashtags. How are most people going to get more reach? ? I have a small page of followers and whatnot it‚Äôs really aggravating and I find it pointless that there‚Äôs a limit to it. I haven‚Äôt been getting the amount of views i‚Äôve usually been receiving. I‚Äôm able to get more views when im using more tags.,hashtag limit. . i hate the fact you added a limit to the hashtags. only 5? ? five hashtags. how are most people going to get more reach? ? i have a small page of followers and whatnot it s really aggravating and i find it pointless that there s a limit to it. i haven t been getting the amount of views i ve usually been receiving. i m able to get more views when im using more tags.,384,75,True,True,Veerveee,sq,0.8,Hashtag limit.,en,1.0,I hate the fact you added a limit to the hashtags. only 5? ? FIVE hashtags. How are most people going to get more reach? ? I have a small page of followers and whatnot it‚Äôs really aggravating and I find it pointless that there‚Äôs a limit to it. I haven‚Äôt been getting the amount of views i‚Äôve usually been receiving. I‚Äôm able to get more views when im using more tags.,0.0,0.0,1.0,0.0,neutral,neutral,0.018,0.092,0.89,-0.7757,negative,strong
Heidimv74,Bye tiktok,1,2025-08-16 18:22:26+00:00,41.2.0,False,0,The new guidelines  put out nobody's going to be on this app you're going to lose everybody.,,us,Bye tiktok,The new guidelines put out nobody's going to be on this app you're going to lose everybody.,bye tiktok,the new guidelines put out nobody s going to be on this application you are going to lose everybody.,Bye tiktok The new guidelines put out nobody's going to be on this app you're going to lose everybody.,bye tiktok the new guidelines put out nobody s going to be on this application you are going to lose everybody.,102,19,True,True,Heidimv74,no,0.8,Goodbye TikTok,en,1.0,The new guidelines put out nobody's going to be on this app you're going to lose everybody.,0.0,0.0,1.0,0.0,neutral,neutral,0.0,0.144,0.856,-0.4019,negative,moderate
Rito Hern√°ndez,Rito Hern√°ndez,5,2025-08-16 18:13:35+00:00,41.2.0,False,0,Rito Hern√°ndez,,us,Rito Hern√°ndez,Rito Hern√°ndez,rito hern√°ndez,rito hern√°ndez,Rito Hern√°ndez Rito Hern√°ndez,rito hern√°ndez rito hern√°ndez,29,4,True,True,Rito Hern√°ndez,pt,0.8500000000000001,Rito Hern√°ndez,pt,0.8500000000000001,Rito Hern√°ndez,0.0,0.0,1.0,0.0,neutral,neutral,0.0,0.0,1.0,0.0,neutral,neutral
keke-cham,Community Guidelines,2,2025-08-16 18:05:30+00:00,41.2.0,False,0,"You guys keep removing my comments when I‚Äôm talking to racist‚Ä¶ people with comment calling black peoole animals and all these other things and it still up but I defend and say that it‚Äôs not true and that what they are saying is disgusting and disrespectful I get my comment removed, this has happened multiple times and it‚Äôs annoying. People are able to be naked and make racist statements/videos but when I defend others and call people out it‚Äôs an issue‚Ä¶ This keeps happening and it‚Äôs not cool you‚Äôre fine with people calling black women manly but me saying it‚Äôs disgusting and racist it‚Äôs an issue(I see where you guys align) 

I‚Äôm back again lol so I ended up deleting TikTok for a second because it took up too much storage and I‚Äôm trying log back in it‚Äôs saids to use my phone number neigh I did got the code and then it‚Äôs said to verify with password(which is dumb because I just used my phone number which should be enough) and I clearly forgot my password because I had this account for years tried to reset it and it‚Äôs saids I couldn‚Äôt like what and now I‚Äôm out of tries like ughh",,us,Community Guidelines,"You guys keep removing my comments when I‚Äôm talking to racist. . . people with comment calling black peoole animals and all these other things and it still up but I defend and say that it‚Äôs not true and that what they are saying is disgusting and disrespectful I get my comment removed, this has happened multiple times and it‚Äôs annoying. People are able to be naked and make racist statements/videos but when I defend others and call people out it‚Äôs an issue. . . This keeps happening and it‚Äôs not cool you‚Äôre fine with people calling black women manly but me saying it‚Äôs disgusting and racist it‚Äôs an issue(I see where you guys align) I‚Äôm back again lol so I ended up deleting TikTok for a second because it took up too much storage and I‚Äôm trying log back in it‚Äôs saids to use my phone number neigh I did got the code and then it‚Äôs said to verify with password(which is dumb because I just used my phone number which should be enough) and I clearly forgot my password because I had this account for years tried to reset it and it‚Äôs saids I couldn‚Äôt like what and now I‚Äôm out of tries like ughh",community guidelines,"you guys keep removing my comments when i m talking to racist. . . people with comment calling black peoole animals and all these other things and it still up but i defend and say that it s not true and that what they are saying is disgusting and disrespectful i get my comment removed, this has happened multiple times and it s annoying. people are able to be naked and make racist statements videos but when i defend others and call people out it s an issue. . . this keeps happening and it s not cool you re fine with people calling black women manly but me saying it s disgusting and racist it s an issue i see where you guys align i m back again lol so i ended up deleting tiktok for a second because it took up too much storage and i m trying log back in it s saids to use my phone number neigh i did got the code and then it s said to verify with password which is dumb because i just used my phone number which should be enough and i clearly forgot my password because i had this account for years tried to reset it and it s saids i couldn t like what and now i m out of tries like ughh","Community Guidelines You guys keep removing my comments when I‚Äôm talking to racist. . . people with comment calling black peoole animals and all these other things and it still up but I defend and say that it‚Äôs not true and that what they are saying is disgusting and disrespectful I get my comment removed, this has happened multiple times and it‚Äôs annoying. People are able to be naked and make racist statements/videos but when I defend others and call people out it‚Äôs an issue. . . This keeps happening and it‚Äôs not cool you‚Äôre fine with people calling black women manly but me saying it‚Äôs disgusting and racist it‚Äôs an issue(I see where you guys align) I‚Äôm back again lol so I ended up deleting TikTok for a second because it took up too much storage and I‚Äôm trying log back in it‚Äôs saids to use my phone number neigh I did got the code and then it‚Äôs said to verify with password(which is dumb because I just used my phone number which should be enough) and I clearly forgot my password because I had this account for years tried to reset it and it‚Äôs saids I couldn‚Äôt like what and now I‚Äôm out of tries like ughh","community guidelines you guys keep removing my comments when i m talking to racist. . . people with comment calling black peoole animals and all these other things and it still up but i defend and say that it s not true and that what they are saying is disgusting and disrespectful i get my comment removed, this has happened multiple times and it s annoying. people are able to be naked and make racist statements videos but when i defend others and call people out it s an issue. . . this keeps happening and it s not cool you re fine with people calling black women manly but me saying it s disgusting and racist it s an issue i see where you guys align i m back again lol so i ended up deleting tiktok for a second because it took up too much storage and i m trying log back in it s saids to use my phone number neigh i did got the code and then it s said to verify with password which is dumb because i just used my phone number which should be enough and i clearly forgot my password because i had this account for years tried to reset it and it s saids i couldn t like what and now i m out of tries like ughh",1117,209,True,True,keke-cham,en,0.8500000000000001,Community Guidelines,en,1.0,"You guys keep removing my comments when I‚Äôm talking to racist. . . people with comment calling black peoole animals and all these other things and it still up but I defend and say that it‚Äôs not true and that what they are saying is disgusting and disrespectful I get my comment removed, this has happened multiple times and it‚Äôs annoying. People are able to be naked and make racist statements/videos but when I defend others and call people out it‚Äôs an issue. . . This keeps happening and it‚Äôs not cool you‚Äôre fine with people calling black women manly but me saying it‚Äôs disgusting and racist it‚Äôs an issue(I see where you guys align) I‚Äôm back again lol so I ended up deleting TikTok for a second because it took up too much storage and I‚Äôm trying log back in it‚Äôs saids to use my phone number neigh I did got the code and then it‚Äôs said to verify with password(which is dumb because I just used my phone number which should be enough) and I clearly forgot my password because I had this account for years tried to reset it and it‚Äôs saids I couldn‚Äôt like what and now I‚Äôm out of tries like ughh",0.0,0.0,1.0,0.0,neutral,neutral,0.068,0.155,0.777,-0.9761,negative,very_strong
ùïçùïñùïùùïù,"this app banned me it said 12 and older I‚Äôm 12 and I took a picture of myself to go live, and they b",1,2025-08-16 17:35:47+00:00,41.2.0,False,0,I hate this app This is why they need a banner.,,us,"this app banned me it said 12 and older I‚Äôm 12 and I took a picture of myself to go live, and they b",I hate this app This is why they need a banner.,"this application banned me it said 12 and older i m 12 and i took a picture of myself to go live, and they b",i hate this application this is why they need a banner.,"this app banned me it said 12 and older I‚Äôm 12 and I took a picture of myself to go live, and they b I hate this app This is why they need a banner.","this application banned me it said 12 and older i m 12 and i took a picture of myself to go live, and they b i hate this application this is why they need a banner.",148,35,True,True,ùïçùïñùïùùïù,en,1.0,"this app banned me it said 12 and older I‚Äôm 12 and I took a picture of myself to go live, and they b",en,1.0,I hate this app This is why they need a banner.,0.0,0.115,0.885,-0.4588,negative,moderate,0.0,0.27,0.73,-0.5719,negative,moderate
Msveebaby,Mute button,1,2025-08-16 17:32:29+00:00,41.2.0,False,0,Pls install a mute button that allows the video to play.,,us,Mute button,Pls install a mute button that allows the video to play.,mute button,pls install a mute button that allows the video to play.,Mute button Pls install a mute button that allows the video to play.,mute button pls install a mute button that allows the video to play.,68,13,True,True,Msveebaby,it,0.8500000000000001,Pulsante di silenzio,en,1.0,Pls install a mute button that allows the video to play.,0.0,0.0,1.0,0.0,neutral,neutral,0.291,0.0,0.709,0.4019,positive,moderate
Nokia08809,TikTok,5,2025-08-16 17:20:49+00:00,41.2.0,False,0,Non,,us,TikTok,Non,tiktok,non,TikTok Non,tiktok non,10,2,True,True,Nokia08809,id,0.8,TikTok,unknown,0.0,Non,0.0,0.0,1.0,0.0,neutral,neutral,0.0,0.0,1.0,0.0,neutral,neutral
Mightypenguin100,Internet browser.,1,2025-08-16 17:04:53+00:00,41.2.0,False,0,If I'm opening a link. I don't want your bad built in browser. Why can't I just open it in my browser?,,us,Internet browser.,If I'm opening a link. I don't want your bad built in browser. Why can't I just open it in my browser?,internet browser.,if i am opening a link. i do not want your bad built in browser. why cannot i just open it in my browser?,Internet browser. If I'm opening a link. I don't want your bad built in browser. Why can't I just open it in my browser?,internet browser. if i am opening a link. i do not want your bad built in browser. why cannot i just open it in my browser?,120,24,True,True,Mightypenguin100,da,0.8,Internet browser.,en,1.0,If I'm opening a link. I don't want your bad built in browser. Why can't I just open it in my browser?,0.0,0.0,1.0,0.0,neutral,neutral,0.118,0.051,0.831,0.3875,positive,moderate
Bossy Ladyy,My fav appüò©,5,2025-08-16 16:34:30+00:00,41.2.0,False,0,I downloaded TikTok back in 2018 when it was called ‚ÄúMusically‚Äù and before people find out about it in 2020. Ever since then it has become my favorite app of all the time and I don‚Äôt even use google anymore lol. It‚Äôs an amazing platform that has connected people during Covid-19 and it has everything you can imagine. I love you TikTok!!!!,,us,My fav appüò©,I downloaded TikTok back in 2018 when it was called ‚ÄúMusically‚Äù and before people find out about it in 2020. Ever since then it has become my favorite app of all the time and I don‚Äôt even use google anymore lol. It‚Äôs an amazing platform that has connected people during Covid-19 and it has everything you can imagine. I love you TikTok! ! !,my fav app,i downloaded tiktok back in 2018 when it was called musically and before people find out about it in 2020. ever since then it has become my favorite application of all the time and i don t even use google anymore lol. it s an amazing platform that has connected people during covid-19 and it has everything you can imagine. i love you tiktok! ! !,My fav appüò© I downloaded TikTok back in 2018 when it was called ‚ÄúMusically‚Äù and before people find out about it in 2020. Ever since then it has become my favorite app of all the time and I don‚Äôt even use google anymore lol. It‚Äôs an amazing platform that has connected people during Covid-19 and it has everything you can imagine. I love you TikTok! ! !,my fav app i downloaded tiktok back in 2018 when it was called musically and before people find out about it in 2020. ever since then it has become my favorite application of all the time and i don t even use google anymore lol. it s an amazing platform that has connected people during covid-19 and it has everything you can imagine. i love you tiktok! ! !,352,67,True,True,Bossy Ladyy,sv,0.8,My fav appüò©,en,1.0,I downloaded TikTok back in 2018 when it was called ‚ÄúMusically‚Äù and before people find out about it in 2020. Ever since then it has become my favorite app of all the time and I don‚Äôt even use google anymore lol. It‚Äôs an amazing platform that has connected people during Covid-19 and it has everything you can imagine. I love you TikTok! ! !,0.37,0.259,0.37,0.2263,positive,weak,0.197,0.0,0.803,0.9401,positive,very_strong
Moseratt,tiktok duent work,1,2025-08-16 16:33:04+00:00,41.2.0,False,0,tiktok i hate it so much its not leting me in its keeps kicking me out out and i hate it,,us,tiktok duent work,tiktok i hate it so much its not leting me in its keeps kicking me out out and i hate it,tiktok duent work,tiktok i hate it so much its not leting me in its keeps kicking me out out and i hate it,tiktok duent work tiktok i hate it so much its not leting me in its keeps kicking me out out and i hate it,tiktok duent work tiktok i hate it so much its not leting me in its keeps kicking me out out and i hate it,106,24,True,True,Moseratt,af,0.8,TikTok doesn't work.,en,1.0,tiktok i hate it so much its not leting me in its keeps kicking me out out and i hate it,0.0,0.0,1.0,0.0,neutral,neutral,0.0,0.28,0.72,-0.8126,negative,very_strong
T Browns,I‚Äôm in love with Tic Tok,5,2025-08-16 16:10:55+00:00,41.2.0,False,0,I see so much creativityüíô,,us,I‚Äôm in love with Tic Tok,I see so much creativityüíô,i m in love with tic tok,i see so much creativity,I‚Äôm in love with Tic Tok I see so much creativityüíô,i m in love with tic tok i see so much creativity,50,11,True,True,T Browns,en,1.0,I‚Äôm in love with Tic Tok,en,1.0,I see so much creativityüíô,0.457,0.0,0.543,0.6369,positive,strong,0.586,0.0,0.414,0.7951,positive,strong
Chbird,Broken again 8/13/25,1,2025-08-16 15:48:38+00:00,41.2.0,False,0,"8/15/2025: TikTok is broken again. My feet is all garbage all the time. I have sports set to zero on the content slider yet it continuously shows me testosterone fueled teenage boy content that I would never interact with and have never interacted with. I block and block and block some more and it doesn't matter TikTok is just pure trash now.

TikTok is broken again. The app doesn't work, the feed doesn't work. Reporting to down detector every time, let everyone see how bad you are. HAD TO DELETE THE APP because it's making my phone get burning hot now. Thanks for nothing. They also updated the app and took away the ability to press on the side of the screen to get 2X. Why would you take that away? The app gets worse by the day. Why would anyone want to purchase this, let alone still use it when they make it worse every day? 8/13/25. 

Now TikTok is forcing me to watch videos from accounts that I have blocked. 30 of them in under 30 minutes. What is wrong with you TikTok? Stop violating your users by forcing them to watch trash from users that we have blocked!",,us,Broken again 8/13/25,"8/15/2025: TikTok is broken again. My feet is all garbage all the time. I have sports set to zero on the content slider yet it continuously shows me testosterone fueled teenage boy content that I would never interact with and have never interacted with. I block and block and block some more and it doesn't matter TikTok is just pure trash now. TikTok is broken again. The app doesn't work, the feed doesn't work. Reporting to down detector every time, let everyone see how bad you are. HAD TO DELETE THE APP because it's making my phone get burning hot now. Thanks for nothing. They also updated the app and took away the ability to press on the side of the screen to get 2X. Why would you take that away? The app gets worse by the day. Why would anyone want to purchase this, let alone still use it when they make it worse every day? 8/13/25. Now TikTok is forcing me to watch videos from accounts that I have blocked. 30 of them in under 30 minutes. What is wrong with you TikTok? Stop violating your users by forcing them to watch trash from users that we have blocked!",broken again 8 13 25,"8 15 2025 tiktok is broken again. my feet is all garbage all the time. i have sports set to zero on the content slider yet it continuously shows me testosterone fueled teenage boy content that i would never interact with and have never interacted with. i block and block and block some more and it does not matter tiktok is just pure trash now. tiktok is broken again. the application does not work, the feed does not work. reporting to down detector every time, let everyone see how bad you are. had to delete the application because it is making my phone get burning hot now. thanks for nothing. they also updated the application and took away the ability to press on the side of the screen to get 2x. why would you take that away? the application gets worse by the day. why would anyone want to purchase this, let alone still use it when they make it worse every day? 8 13 25. now tiktok is forcing me to watch videos from accounts that i have blocked. 30 of them in under 30 minutes. what is wrong with you tiktok? stop violating your users by forcing them to watch trash from users that we have blocked!","Broken again 8/13/25 8/15/2025: TikTok is broken again. My feet is all garbage all the time. I have sports set to zero on the content slider yet it continuously shows me testosterone fueled teenage boy content that I would never interact with and have never interacted with. I block and block and block some more and it doesn't matter TikTok is just pure trash now. TikTok is broken again. The app doesn't work, the feed doesn't work. Reporting to down detector every time, let everyone see how bad you are. HAD TO DELETE THE APP because it's making my phone get burning hot now. Thanks for nothing. They also updated the app and took away the ability to press on the side of the screen to get 2X. Why would you take that away? The app gets worse by the day. Why would anyone want to purchase this, let alone still use it when they make it worse every day? 8/13/25. Now TikTok is forcing me to watch videos from accounts that I have blocked. 30 of them in under 30 minutes. What is wrong with you TikTok? Stop violating your users by forcing them to watch trash from users that we have blocked!","broken again 8 13 25 8 15 2025 tiktok is broken again. my feet is all garbage all the time. i have sports set to zero on the content slider yet it continuously shows me testosterone fueled teenage boy content that i would never interact with and have never interacted with. i block and block and block some more and it does not matter tiktok is just pure trash now. tiktok is broken again. the application does not work, the feed does not work. reporting to down detector every time, let everyone see how bad you are. had to delete the application because it is making my phone get burning hot now. thanks for nothing. they also updated the application and took away the ability to press on the side of the screen to get 2x. why would you take that away? the application gets worse by the day. why would anyone want to purchase this, let alone still use it when they make it worse every day? 8 13 25. now tiktok is forcing me to watch videos from accounts that i have blocked. 30 of them in under 30 minutes. what is wrong with you tiktok? stop violating your users by forcing them to watch trash from users that we have blocked!",1094,204,True,True,Chbird,id,0.8,Broken again 8/13/25,en,1.0,"8/15/2025: TikTok is broken again. My feet is all garbage all the time. I have sports set to zero on the content slider yet it continuously shows me testosterone fueled teenage boy content that I would never interact with and have never interacted with. I block and block and block some more and it doesn't matter TikTok is just pure trash now. TikTok is broken again. The app doesn't work, the feed doesn't work. Reporting to down detector every time, let everyone see how bad you are. HAD TO DELETE THE APP because it's making my phone get burning hot now. Thanks for nothing. They also updated the app and took away the ability to press on the side of the screen to get 2X. Why would you take that away? The app gets worse by the day. Why would anyone want to purchase this, let alone still use it when they make it worse every day? 8/13/25. Now TikTok is forcing me to watch videos from accounts that I have blocked. 30 of them in under 30 minutes. What is wrong with you TikTok? Stop violating your users by forcing them to watch trash from users that we have blocked!",0.0,0.608,0.392,-0.4767,negative,moderate,0.028,0.18,0.792,-0.9861,negative,very_strong
Brother2367,I can‚Äôt download,1,2025-08-16 15:47:21+00:00,41.2.0,False,0,It‚Äôs a nice app but u can easily forget ur password,,us,I can‚Äôt download,It‚Äôs a nice app but u can easily forget ur password,i can t download,it s a nice application but u can easily forget ur password,I can‚Äôt download It‚Äôs a nice app but u can easily forget ur password,i can t download it s a nice application but u can easily forget ur password,68,14,True,True,Brother2367,en,0.8500000000000001,I can‚Äôt download,en,1.0,It‚Äôs a nice app but u can easily forget ur password,0.0,0.0,1.0,0.0,neutral,neutral,0.326,0.153,0.521,0.3919,positive,moderate
Cavida hardy,TIKTOk STOP,3,2025-08-16 15:43:44+00:00,41.2.0,False,0,I think TikTok should let all ages use TikTok and stop banning them well not like 4 or 5 like you know 10-13 or 12 because I think it‚Äôs not fair to the kids that got banned and when I got banned I couldn‚Äôt log out of my banned account like it should have log out immediately but no it wasn‚Äôt doing that so yes TikTok let 10-12 or 13 have TikTok,,us,TIKTOk STOP,I think TikTok should let all ages use TikTok and stop banning them well not like 4 or 5 like you know 10-13 or 12 because I think it‚Äôs not fair to the kids that got banned and when I got banned I couldn‚Äôt log out of my banned account like it should have log out immediately but no it wasn‚Äôt doing that so yes TikTok let 10-12 or 13 have TikTok,tiktok stop,i think tiktok should let all ages use tiktok and stop banning them well not like 4 or 5 like you know 10-13 or 12 because i think it s not fair to the kids that got banned and when i got banned i couldn t log out of my banned account like it should have log out immediately but no it wasn t doing that so yes tiktok let 10-12 or 13 have tiktok,TIKTOk STOP I think TikTok should let all ages use TikTok and stop banning them well not like 4 or 5 like you know 10-13 or 12 because I think it‚Äôs not fair to the kids that got banned and when I got banned I couldn‚Äôt log out of my banned account like it should have log out immediately but no it wasn‚Äôt doing that so yes TikTok let 10-12 or 13 have TikTok,tiktok stop i think tiktok should let all ages use tiktok and stop banning them well not like 4 or 5 like you know 10-13 or 12 because i think it s not fair to the kids that got banned and when i got banned i couldn t log out of my banned account like it should have log out immediately but no it wasn t doing that so yes tiktok let 10-12 or 13 have tiktok,356,74,True,True,Cavida hardy,id,0.8,TIKTOK STOP,en,1.0,I think TikTok should let all ages use TikTok and stop banning them well not like 4 or 5 like you know 10-13 or 12 because I think it‚Äôs not fair to the kids that got banned and when I got banned I couldn‚Äôt log out of my banned account like it should have log out immediately but no it wasn‚Äôt doing that so yes TikTok let 10-12 or 13 have TikTok,0.0,0.688,0.312,-0.296,negative,weak,0.116,0.16,0.724,-0.1653,negative,weak
Aguythatsmad,Tiktok filter/adjustment problem,3,2025-08-16 15:42:52+00:00,41.2.0,False,0,I have been using tiktok for years now and i was a android user aswell.When i was using android it was a lot easier to find filters and easier to adjust my fave etc. but now i cant even change the size of my face in ios??? Why??,,us,Tiktok filter/adjustment problem,I have been using tiktok for years now and i was a android user aswell. When i was using android it was a lot easier to find filters and easier to adjust my fave etc. but now i cant even change the size of my face in ios? ? ? Why? ?,tiktok filter adjustment problem,i have been using tiktok for years now and i was a android user aswell. when i was using android it was a lot easier to find filters and easier to adjust my fave etc. but now i cant even change the size of my face in ios? ? ? why? ?,Tiktok filter/adjustment problem I have been using tiktok for years now and i was a android user aswell. When i was using android it was a lot easier to find filters and easier to adjust my fave etc. but now i cant even change the size of my face in ios? ? ? Why? ?,tiktok filter adjustment problem i have been using tiktok for years now and i was a android user aswell. when i was using android it was a lot easier to find filters and easier to adjust my fave etc. but now i cant even change the size of my face in ios? ? ? why? ?,265,55,True,True,Aguythatsmad,no,0.95,Tiktok filter/justering problem,en,1.0,I have been using tiktok for years now and i was a android user aswell. When i was using android it was a lot easier to find filters and easier to adjust my fave etc. but now i cant even change the size of my face in ios? ? ? Why? ?,0.0,0.574,0.426,-0.4019,negative,moderate,0.12,0.0,0.88,0.6917,positive,strong
Aiden Mangroo,Can get back TikTok,1,2025-08-16 15:08:02+00:00,41.2.0,False,0,"So I got banned from TikTok because of my age, but I am 13 but the age requirement is 12 so I try to sign back in, but then I can‚Äôt get back in for some reason",,us,Can get back TikTok,"So I got banned from TikTok because of my age, but I am 13 but the age requirement is 12 so I try to sign back in, but then I can‚Äôt get back in for some reason",can get back tiktok,"so i got banned from tiktok because of my age, but i am 13 but the age requirement is 12 so i try to sign back in, but then i can t get back in for some reason","Can get back TikTok So I got banned from TikTok because of my age, but I am 13 but the age requirement is 12 so I try to sign back in, but then I can‚Äôt get back in for some reason","can get back tiktok so i got banned from tiktok because of my age, but i am 13 but the age requirement is 12 so i try to sign back in, but then i can t get back in for some reason",179,41,True,True,Aiden Mangroo,sv,0.8,I can return to TikTok.,en,1.0,"So I got banned from TikTok because of my age, but I am 13 but the age requirement is 12 so I try to sign back in, but then I can‚Äôt get back in for some reason",0.0,0.0,1.0,0.0,neutral,neutral,0.0,0.056,0.944,-0.2805,negative,weak
Pink toes with rice,Amazing,5,2025-08-16 14:59:05+00:00,41.2.0,False,0,It‚Äôs soooooo amazing,,us,Amazing,It‚Äôs soooooo amazing,amazing,it s soooooo amazing,Amazing It‚Äôs soooooo amazing,amazing it s soooooo amazing,28,4,True,True,Pink toes with rice,sw,0.8,Fantastisk,en,0.8500000000000001,It‚Äôs soooooo amazing,0.0,0.0,1.0,0.0,neutral,neutral,0.655,0.0,0.345,0.5859,positive,moderate
Strar mints,This stupidity is annoying,1,2025-08-16 14:57:33+00:00,41.2.0,False,0,I am 11 years old and my cousin is also 11 years old and my account got banned for my god dam age limit,,us,This stupidity is annoying,I am 11 years old and my cousin is also 11 years old and my account got banned for my god dam age limit,this stupidity is annoying,i am 11 years old and my cousin is also 11 years old and my account got banned for my god dam age limit,This stupidity is annoying I am 11 years old and my cousin is also 11 years old and my account got banned for my god dam age limit,this stupidity is annoying i am 11 years old and my cousin is also 11 years old and my account got banned for my god dam age limit,130,28,True,True,Strar mints,en,1.0,This stupidity is annoying,en,1.0,I am 11 years old and my cousin is also 11 years old and my account got banned for my god dam age limit,0.0,0.737,0.263,-0.6808,negative,strong,0.077,0.111,0.812,-0.2263,negative,weak
Ayisha Ibrahim,Followers decrease,1,2025-08-16 14:45:51+00:00,41.2.0,False,0,My business account followers have decreased automatically... Please fix the problem üôèüèª,,us,Followers decrease,My business account followers have decreased automatically. . . Please fix the problem üôèüèª,followers decrease,my business account followers have decreased automatically. . . please repair the problem,Followers decrease My business account followers have decreased automatically. . . Please fix the problem üôèüèª,followers decrease my business account followers have decreased automatically. . . please repair the problem,108,16,True,True,Ayisha Ibrahim,en,0.8500000000000001,Followers decrease,en,1.0,My business account followers have decreased automatically. . . Please fix the problem üôèüèª,0.0,0.0,1.0,0.0,neutral,neutral,0.11,0.129,0.762,-0.1027,negative,weak
DeniWantsToEat,Very Irritating,3,2025-08-16 14:30:59+00:00,41.2.0,False,0,"Right now, I am extremely irritated every time I try to like a video. It says you‚Äôre tapping too fast. Take a break. What do you mean please fix this",,us,Very Irritating,"Right now, I am extremely irritated every time I try to like a video. It says you‚Äôre tapping too fast. Take a break. What do you mean please fix this",very irritating,"right now, i am extremely irritated every time i try to like a video. it says you re tapping too fast. take a break. what do you mean please repair this","Very Irritating Right now, I am extremely irritated every time I try to like a video. It says you‚Äôre tapping too fast. Take a break. What do you mean please fix this","very irritating right now, i am extremely irritated every time i try to like a video. it says you re tapping too fast. take a break. what do you mean please repair this",165,32,True,True,DeniWantsToEat,en,0.8500000000000001,Very Irritating,en,1.0,"Right now, I am extremely irritated every time I try to like a video. It says you‚Äôre tapping too fast. Take a break. What do you mean please fix this",0.0,0.767,0.233,-0.5095,negative,moderate,0.137,0.094,0.769,0.1298,positive,weak
Ilovegoldfishhh,HOW DARE U,2,2025-08-16 14:29:02+00:00,41.2.0,False,0,HOW DARE U TAKE AWAY POSTING PHOTOS IN COMMENT SECTIONS UR SO FAKE FOR THAT,,us,HOW DARE U,HOW DARE U TAKE AWAY POSTING PHOTOS IN COMMENT SECTIONS UR SO FAKE FOR THAT,how dare u,how dare u take away posting photos in comment sections ur so fake for that,HOW DARE U HOW DARE U TAKE AWAY POSTING PHOTOS IN COMMENT SECTIONS UR SO FAKE FOR THAT,how dare u how dare u take away posting photos in comment sections ur so fake for that,86,18,True,True,Ilovegoldfishhh,de,0.8500000000000001,HOW DARE U,en,1.0,HOW DARE U TAKE AWAY POSTING PHOTOS IN COMMENT SECTIONS UR SO FAKE FOR THAT,0.0,0.0,1.0,0.0,neutral,neutral,0.0,0.222,0.778,-0.6113,negative,strong
Baddieuwu,Get rid of the 5 hashtag thing,3,2025-08-16 14:20:13+00:00,41.2.0,False,0,Please get rid of the 5 hashtags,,us,Get rid of the 5 hashtag thing,Please get rid of the 5 hashtags,get rid of the 5 hashtag thing,please get rid of the 5 hashtags,Get rid of the 5 hashtag thing Please get rid of the 5 hashtags,get rid of the 5 hashtag thing please get rid of the 5 hashtags,63,14,True,True,Baddieuwu,en,1.0,Get rid of the 5 hashtag thing,en,1.0,Please get rid of the 5 hashtags,0.0,0.0,1.0,0.0,neutral,neutral,0.277,0.0,0.723,0.3182,positive,moderate
OKBoomer00,Great visionOS app; needs tvOS & watchOS presence,1,2025-08-16 14:13:58+00:00,41.2.0,False,0,"One technical issue on visionOS is that if someone texts me a link to a TikTok video, it won‚Äôt open that link in the app on visionOS. It forces me to take off the Vision Pro and use a different device. Please fix.",,us,Great visionOS app; needs tvOS & watchOS presence,"One technical issue on visionOS is that if someone texts me a link to a TikTok video, it won‚Äôt open that link in the app on visionOS. It forces me to take off the Vision Pro and use a different device. Please fix.",great visionos application needs tvos watchos presence,"one technical issue on visionos is that if someone texts me a link to a tiktok video, it won t open that link in the application on visionos. it forces me to take off the vision pro and use a different device. please repair","Great visionOS app; needs tvOS & watchOS presence One technical issue on visionOS is that if someone texts me a link to a TikTok video, it won‚Äôt open that link in the app on visionOS. It forces me to take off the Vision Pro and use a different device. Please fix.","great visionos application needs tvos watchos presence one technical issue on visionos is that if someone texts me a link to a tiktok video, it won t open that link in the application on visionos. it forces me to take off the vision pro and use a different device. please repair",263,51,True,True,OKBoomer00,en,1.0,Great visionOS app; needs tvOS & watchOS presence,en,1.0,"One technical issue on visionOS is that if someone texts me a link to a TikTok video, it won‚Äôt open that link in the app on visionOS. It forces me to take off the Vision Pro and use a different device. Please fix.",0.369,0.0,0.631,0.6249,positive,strong,0.095,0.0,0.905,0.5106,positive,moderate
fakeunicornkitty,keeps logging me out,1,2025-08-16 14:02:16+00:00,41.2.0,False,0,it‚Äôs always resetting entirely,,us,keeps logging me out,it‚Äôs always resetting entirely,keeps logging me out,it s always resetting entirely,keeps logging me out it‚Äôs always resetting entirely,keeps logging me out it s always resetting entirely,51,8,True,True,fakeunicornkitty,af,0.8,keeps logging me out,en,1.0,it‚Äôs always resetting entirely,0.0,0.0,1.0,0.0,neutral,neutral,0.0,0.0,1.0,0.0,neutral,neutral
Itsdabum,Account deletion,3,2025-08-16 14:01:16+00:00,41.2.0,False,0,I need help deleting my account but I don‚Äôt know the code you gave me before to delete it,,us,Account deletion,I need help deleting my account but I don‚Äôt know the code you gave me before to delete it,account deletion,i need help deleting my account but i don t know the code you gave me before to delete it,Account deletion I need help deleting my account but I don‚Äôt know the code you gave me before to delete it,account deletion i need help deleting my account but i don t know the code you gave me before to delete it,106,21,True,True,Itsdabum,en,0.8500000000000001,Account deletion,en,1.0,I need help deleting my account but I don‚Äôt know the code you gave me before to delete it,0.0,0.0,1.0,0.0,neutral,neutral,0.093,0.0,0.907,0.2144,positive,weak
mjzve,tik tok,4,2025-08-16 13:53:54+00:00,41.2.0,False,0,"i like it but 4 stars because i always get videos that REALLY don‚Äôt have to be in tik tok, i always report this video but in time tik tok says that he didn‚Äôt see anything wrong when there is a naked women o r something like that , i mean not just naked women, its nothing normal in there,there is a lot of not kids videos that has to be deleted but tik tok just didn‚Äôt pay attention on this",,us,tik tok,"i like it but 4 stars because i always get videos that REALLY don‚Äôt have to be in tik tok, i always report this video but in time tik tok says that he didn‚Äôt see anything wrong when there is a naked women o r something like that, i mean not just naked women, its nothing normal in there, there is a lot of not kids videos that has to be deleted but tik tok just didn‚Äôt pay attention on this",tik tok,"i like it but 4 stars because i always get videos that really don t have to be in tik tok, i always report this video but in time tik tok says that he didn t see anything wrong when there is a naked women o r something like that, i mean not just naked women, its nothing normal in there, there is a lot of not kids videos that has to be deleted but tik tok just didn t pay attention on this","tik tok i like it but 4 stars because i always get videos that REALLY don‚Äôt have to be in tik tok, i always report this video but in time tik tok says that he didn‚Äôt see anything wrong when there is a naked women o r something like that, i mean not just naked women, its nothing normal in there, there is a lot of not kids videos that has to be deleted but tik tok just didn‚Äôt pay attention on this","tik tok i like it but 4 stars because i always get videos that really don t have to be in tik tok, i always report this video but in time tik tok says that he didn t see anything wrong when there is a naked women o r something like that, i mean not just naked women, its nothing normal in there, there is a lot of not kids videos that has to be deleted but tik tok just didn t pay attention on this",398,83,True,True,mjzve,sq,0.8,tik tok,en,1.0,"i like it but 4 stars because i always get videos that REALLY don‚Äôt have to be in tik tok, i always report this video but in time tik tok says that he didn‚Äôt see anything wrong when there is a naked women o r something like that, i mean not just naked women, its nothing normal in there, there is a lot of not kids videos that has to be deleted but tik tok just didn‚Äôt pay attention on this",0.0,0.0,1.0,0.0,neutral,neutral,0.057,0.066,0.877,-0.1901,negative,weak
